"cond_open","cond_close","stop_loss","profit","deals"
-2,0.1,-10,"768.08",102
-2,0.1,-20,"768.08",102
-2,0.1,-30,"768.08",102
-2,0.1,-40,"768.08",102
-2,0.2,-10,"779.03",102
-2,0.2,-20,"779.03",102
-2,0.2,-30,"779.03",102
-2,0.2,-40,"779.03",102
-2,0.3,-10,"822.14",104
-2,0.3,-20,"822.14",104
-2,0.3,-30,"822.14",104
-2,0.3,-40,"822.14",104
-2,0.4,-10,"799.65",100
-2,0.4,-20,"799.65",100
-2,0.4,-30,"799.65",100
-2,0.4,-40,"799.65",100
-2,0.5,-10,"840.31",95
-2,0.5,-20,"840.31",95
-2,0.5,-30,"840.31",95
-2,0.5,-40,"840.31",95
-2,0.6,-10,"792.20",93
-2,0.6,-20,"792.20",93
-2,0.6,-30,"792.20",93
-2,0.6,-40,"792.20",93
-2,0.7,-10,"858.88",92
-2,0.7,-20,"858.88",92
-2,0.7,-30,"858.88",92
-2,0.7,-40,"858.88",92
-2,0.8,-10,"322.58",61
-2,0.8,-20,"322.58",61
-2,0.8,-30,"322.58",61
-2,0.8,-40,"322.58",61
-2,0.9,-10,"369.34",61
-2,0.9,-20,"369.34",61
-2,0.9,-30,"369.34",61
-2,0.9,-40,"369.34",61
-2,1,-10,"361.41",58
-2,1,-20,"361.41",58
-2,1,-30,"361.41",58
-2,1,-40,"361.41",58
-2,1.1,-10,"335.82",57
-2,1.1,-20,"335.82",57
-2,1.1,-30,"335.82",57
-2,1.1,-40,"335.82",57
-2,1.2,-10,"186.19",43
-2,1.2,-20,"186.19",43
-2,1.2,-30,"186.19",43
-2,1.2,-40,"186.19",43
-2,1.3,-10,"193.17",43
-2,1.3,-20,"193.17",43
-2,1.3,-30,"193.17",43
-2,1.3,-40,"193.17",43
-2,1.4,-10,"163.45",41
-2,1.4,-20,"134.08",41
-2,1.4,-30,"104.67",41
-2,1.4,-40,"107.37",32
-2,1.5,-10,"162.95",40
-2,1.5,-20,"133.63",40
-2,1.5,-30,"104.29",40
-2,1.5,-40,"109.54",32
-2,1.6,-10,"152.19",37
-2,1.6,-20,"124.08",37
-2,1.6,-30,"95.93",37
-2,1.6,-40,"100.82",29
-2,1.7,-10,"121.10",30
-2,1.7,-20,"96.45",30
-2,1.7,-30,"71.77",30
-2,1.7,-40,"103.49",29
-2,1.8,-10,"122.25",29
-2,1.8,-20,"97.47",29
-2,1.8,-30,"72.67",29
-2,1.8,-40,"104.27",28
-2,1.9,-10,"127.05",29
-2,1.9,-20,"101.73",29
-2,1.9,-30,"76.39",29
-2,1.9,-40,"108.15",28
-2,2,-10,"125.76",28
-2,2,-20,"100.59",28
-2,2,-30,"75.39",28
-2,2,-40,"106.50",27
-1.9,0.1,-10,"808.07",113
-1.9,0.1,-20,"808.07",113
-1.9,0.1,-30,"808.07",113
-1.9,0.1,-40,"808.07",113
-1.9,0.2,-10,"827.57",113
-1.9,0.2,-20,"827.57",113
-1.9,0.2,-30,"827.57",113
-1.9,0.2,-40,"827.57",113
-1.9,0.3,-10,"877.66",115
-1.9,0.3,-20,"877.66",115
-1.9,0.3,-30,"877.66",115
-1.9,0.3,-40,"877.66",115
-1.9,0.4,-10,"856.46",111
-1.9,0.4,-20,"856.46",111
-1.9,0.4,-30,"856.46",111
-1.9,0.4,-40,"856.46",111
-1.9,0.5,-10,"913.36",105
-1.9,0.5,-20,"913.36",105
-1.9,0.5,-30,"913.36",105
-1.9,0.5,-40,"913.36",105
-1.9,0.6,-10,"871.33",102
-1.9,0.6,-20,"871.33",102
-1.9,0.6,-30,"871.33",102
-1.9,0.6,-40,"871.33",102
-1.9,0.7,-10,"959.83",101
-1.9,0.7,-20,"959.83",101
-1.9,0.7,-30,"959.83",101
-1.9,0.7,-40,"959.83",101
-1.9,0.8,-10,"370.78",70
-1.9,0.8,-20,"370.78",70
-1.9,0.8,-30,"370.78",70
-1.9,0.8,-40,"370.78",70
-1.9,0.9,-10,"449.24",70
-1.9,0.9,-20,"449.24",70
-1.9,0.9,-30,"449.24",70
-1.9,0.9,-40,"449.24",70
-1.9,1,-10,"449.28",67
-1.9,1,-20,"449.28",67
-1.9,1,-30,"449.28",67
-1.9,1,-40,"449.28",67
-1.9,1.1,-10,"420.16",66
-1.9,1.1,-20,"420.16",66
-1.9,1.1,-30,"420.16",66
-1.9,1.1,-40,"420.16",66
-1.9,1.2,-10,"237.16",51
-1.9,1.2,-20,"237.16",51
-1.9,1.2,-30,"237.16",51
-1.9,1.2,-40,"237.16",51
-1.9,1.3,-10,"242.44",50
-1.9,1.3,-20,"242.44",50
-1.9,1.3,-30,"242.44",50
-1.9,1.3,-40,"242.44",50
-1.9,1.4,-10,"195.78",47
-1.9,1.4,-20,"162.81",47
-1.9,1.4,-30,"129.80",47
-1.9,1.4,-40,"132.82",38
-1.9,1.5,-10,"205.25",47
-1.9,1.5,-20,"171.22",47
-1.9,1.5,-30,"137.15",47
-1.9,1.5,-40,"139.05",38
-1.9,1.6,-10,"188.77",43
-1.9,1.6,-20,"156.58",43
-1.9,1.6,-30,"124.35",43
-1.9,1.6,-40,"125.97",34
-1.9,1.7,-10,"152.65",35
-1.9,1.7,-20,"124.49",35
-1.9,1.7,-30,"96.29",35
-1.9,1.7,-40,"132.53",34
-1.9,1.8,-10,"154.82",34
-1.9,1.8,-20,"126.41",34
-1.9,1.8,-30,"97.98",34
-1.9,1.8,-40,"134.21",33
-1.9,1.9,-10,"160.55",34
-1.9,1.9,-20,"131.50",34
-1.9,1.9,-30,"102.42",34
-1.9,1.9,-40,"138.86",33
-1.9,2,-10,"159.29",33
-1.9,2,-20,"130.39",33
-1.9,2,-30,"101.45",33
-1.9,2,-40,"137.17",32
-1.8,0.1,-10,"851.88",122
-1.8,0.1,-20,"851.88",122
-1.8,0.1,-30,"851.88",122
-1.8,0.1,-40,"851.88",122
-1.8,0.2,-10,"872.32",122
-1.8,0.2,-20,"872.32",122
-1.8,0.2,-30,"872.32",122
-1.8,0.2,-40,"872.32",122
-1.8,0.3,-10,"915.99",123
-1.8,0.3,-20,"915.99",123
-1.8,0.3,-30,"915.99",123
-1.8,0.3,-40,"915.99",123
-1.8,0.4,-10,"907.07",117
-1.8,0.4,-20,"907.07",117
-1.8,0.4,-30,"907.07",117
-1.8,0.4,-40,"907.07",117
-1.8,0.5,-10,"993.98",112
-1.8,0.5,-20,"993.98",112
-1.8,0.5,-30,"993.98",112
-1.8,0.5,-40,"993.98",112
-1.8,0.6,-10,"966.36",109
-1.8,0.6,-20,"966.36",109
-1.8,0.6,-30,"966.36",109
-1.8,0.6,-40,"966.36",109
-1.8,0.7,-10,"1060.63",107
-1.8,0.7,-20,"1060.63",107
-1.8,0.7,-30,"1060.63",107
-1.8,0.7,-40,"1060.63",107
-1.8,0.8,-10,"417.78",76
-1.8,0.8,-20,"417.78",76
-1.8,0.8,-30,"417.78",76
-1.8,0.8,-40,"417.78",76
-1.8,0.9,-10,"505.45",75
-1.8,0.9,-20,"505.45",75
-1.8,0.9,-30,"505.45",75
-1.8,0.9,-40,"505.45",75
-1.8,1,-10,"505.68",72
-1.8,1,-20,"505.68",72
-1.8,1,-30,"505.68",72
-1.8,1,-40,"505.68",72
-1.8,1.1,-10,"473.14",71
-1.8,1.1,-20,"473.14",71
-1.8,1.1,-30,"473.14",71
-1.8,1.1,-40,"473.14",71
-1.8,1.2,-10,"279.61",57
-1.8,1.2,-20,"279.61",57
-1.8,1.2,-30,"279.61",57
-1.8,1.2,-40,"279.61",57
-1.8,1.3,-10,"286.14",56
-1.8,1.3,-20,"286.14",56
-1.8,1.3,-30,"286.14",56
-1.8,1.3,-40,"286.14",56
-1.8,1.4,-10,"233.52",53
-1.8,1.4,-20,"196.34",53
-1.8,1.4,-30,"159.11",53
-1.8,1.4,-40,"162.53",44
-1.8,1.5,-10,"244.83",53
-1.8,1.5,-20,"206.39",53
-1.8,1.5,-30,"167.90",53
-1.8,1.5,-40,"170.04",44
-1.8,1.6,-10,"257.57",53
-1.8,1.6,-20,"217.71",53
-1.8,1.6,-30,"177.80",53
-1.8,1.6,-40,"179.80",44
-1.8,1.7,-10,"212.30",44
-1.8,1.7,-20,"177.49",44
-1.8,1.7,-30,"142.63",44
-1.8,1.7,-40,"187.43",43
-1.8,1.8,-10,"216.86",43
-1.8,1.8,-20,"181.53",43
-1.8,1.8,-30,"146.17",43
-1.8,1.8,-40,"191.22",42
-1.8,1.9,-10,"224.14",43
-1.8,1.9,-20,"188.00",43
-1.8,1.9,-30,"151.83",43
-1.8,1.9,-40,"197.16",42
-1.8,2,-10,"219.63",41
-1.8,2,-20,"183.99",41
-1.8,2,-30,"148.32",41
-1.8,2,-40,"192.36",40
-1.7,0.1,-10,"947.67",133
-1.7,0.1,-20,"947.67",133
-1.7,0.1,-30,"947.67",133
-1.7,0.1,-40,"947.67",133
-1.7,0.2,-10,"905.58",132
-1.7,0.2,-20,"905.58",132
-1.7,0.2,-30,"905.58",132
-1.7,0.2,-40,"905.58",132
-1.7,0.3,-10,"958.60",132
-1.7,0.3,-20,"958.60",132
-1.7,0.3,-30,"958.60",132
-1.7,0.3,-40,"958.60",132
-1.7,0.4,-10,"1025.58",126
-1.7,0.4,-20,"1025.58",126
-1.7,0.4,-30,"1025.58",126
-1.7,0.4,-40,"1025.58",126
-1.7,0.5,-10,"1016.65",117
-1.7,0.5,-20,"1016.65",117
-1.7,0.5,-30,"1016.65",117
-1.7,0.5,-40,"1016.65",117
-1.7,0.6,-10,"1025.66",111
-1.7,0.6,-20,"1025.66",111
-1.7,0.6,-30,"1025.66",111
-1.7,0.6,-40,"1025.66",111
-1.7,0.7,-10,"1005.22",107
-1.7,0.7,-20,"1005.22",107
-1.7,0.7,-30,"1005.22",107
-1.7,0.7,-40,"1005.22",107
-1.7,0.8,-10,"462.17",84
-1.7,0.8,-20,"462.17",84
-1.7,0.8,-30,"462.17",84
-1.7,0.8,-40,"462.17",84
-1.7,0.9,-10,"564.75",83
-1.7,0.9,-20,"564.75",83
-1.7,0.9,-30,"564.75",83
-1.7,0.9,-40,"564.75",83
-1.7,1,-10,"567.79",80
-1.7,1,-20,"567.79",80
-1.7,1,-30,"567.79",80
-1.7,1,-40,"567.79",80
-1.7,1.1,-10,"533.27",79
-1.7,1.1,-20,"533.27",79
-1.7,1.1,-30,"533.27",79
-1.7,1.1,-40,"533.27",79
-1.7,1.2,-10,"321.59",65
-1.7,1.2,-20,"321.59",65
-1.7,1.2,-30,"321.59",65
-1.7,1.2,-40,"321.59",65
-1.7,1.3,-10,"328.85",63
-1.7,1.3,-20,"328.85",63
-1.7,1.3,-30,"328.85",63
-1.7,1.3,-40,"328.85",63
-1.7,1.4,-10,"177.65",59
-1.7,1.4,-20,"199.00",57
-1.7,1.4,-30,"161.44",57
-1.7,1.4,-40,"160.46",47
-1.7,1.5,-10,"190.89",59
-1.7,1.5,-20,"213.27",57
-1.7,1.5,-30,"173.92",57
-1.7,1.5,-40,"171.49",47
-1.7,1.6,-10,"99.04",47
-1.7,1.6,-20,"226.95",57
-1.7,1.6,-30,"185.88",57
-1.7,1.6,-40,"183.12",47
-1.7,1.7,-10,"74.46",39
-1.7,1.7,-20,"186.35",48
-1.7,1.7,-30,"150.38",48
-1.7,1.7,-40,"191.61",46
-1.7,1.8,-10,"77.01",38
-1.7,1.8,-20,"193.80",47
-1.7,1.8,-30,"156.90",47
-1.7,1.8,-40,"196.24",45
-1.7,1.9,-10,"80.29",38
-1.7,1.9,-20,"200.64",47
-1.7,1.9,-30,"162.88",47
-1.7,1.9,-40,"202.37",45
-1.7,2,-10,"72.94",35
-1.7,2,-20,"180.11",42
-1.7,2,-30,"144.92",42
-1.7,2,-40,"181.07",40
-1.6,0.1,-10,"950.86",135
-1.6,0.1,-20,"950.86",135
-1.6,0.1,-30,"950.86",135
-1.6,0.1,-40,"950.86",135
-1.6,0.2,-10,"910.44",134
-1.6,0.2,-20,"910.44",134
-1.6,0.2,-30,"910.44",134
-1.6,0.2,-40,"910.44",134
-1.6,0.3,-10,"963.71",134
-1.6,0.3,-20,"963.71",134
-1.6,0.3,-30,"963.71",134
-1.6,0.3,-40,"963.71",134
-1.6,0.4,-10,"1040.52",129
-1.6,0.4,-20,"1040.52",129
-1.6,0.4,-30,"1040.52",129
-1.6,0.4,-40,"1040.52",129
-1.6,0.5,-10,"1029.81",119
-1.6,0.5,-20,"1029.81",119
-1.6,0.5,-30,"1029.81",119
-1.6,0.5,-40,"1029.81",119
-1.6,0.6,-10,"1037.99",113
-1.6,0.6,-20,"1037.99",113
-1.6,0.6,-30,"1037.99",113
-1.6,0.6,-40,"1037.99",113
-1.6,0.7,-10,"1028.90",108
-1.6,0.7,-20,"1028.90",108
-1.6,0.7,-30,"1028.90",108
-1.6,0.7,-40,"1028.90",108
-1.6,0.8,-10,"472.16",85
-1.6,0.8,-20,"472.16",85
-1.6,0.8,-30,"472.16",85
-1.6,0.8,-40,"472.16",85
-1.6,0.9,-10,"568.93",83
-1.6,0.9,-20,"568.93",83
-1.6,0.9,-30,"568.93",83
-1.6,0.9,-40,"568.93",83
-1.6,1,-10,"571.99",80
-1.6,1,-20,"571.99",80
-1.6,1,-30,"571.99",80
-1.6,1,-40,"571.99",80
-1.6,1.1,-10,"537.25",79
-1.6,1.1,-20,"537.25",79
-1.6,1.1,-30,"537.25",79
-1.6,1.1,-40,"537.25",79
-1.6,1.2,-10,"324.24",65
-1.6,1.2,-20,"324.24",65
-1.6,1.2,-30,"324.24",65
-1.6,1.2,-40,"324.24",65
-1.6,1.3,-10,"330.80",63
-1.6,1.3,-20,"330.80",63
-1.6,1.3,-30,"330.80",63
-1.6,1.3,-40,"330.80",63
-1.6,1.4,-10,"178.14",59
-1.6,1.4,-20,"199.53",57
-1.6,1.4,-30,"161.91",57
-1.6,1.4,-40,"160.92",47
-1.6,1.5,-10,"191.41",59
-1.6,1.5,-20,"213.82",57
-1.6,1.5,-30,"174.40",57
-1.6,1.5,-40,"171.96",47
-1.6,1.6,-10,"99.04",47
-1.6,1.6,-20,"227.52",57
-1.6,1.6,-30,"186.38",57
-1.6,1.6,-40,"183.62",47
-1.6,1.7,-10,"74.46",39
-1.6,1.7,-20,"186.72",48
-1.6,1.7,-30,"150.70",48
-1.6,1.7,-40,"191.98",46
-1.6,1.8,-10,"77.01",38
-1.6,1.8,-20,"193.79",47
-1.6,1.8,-30,"156.89",47
-1.6,1.8,-40,"196.23",45
-1.6,1.9,-10,"80.29",38
-1.6,1.9,-20,"195.64",46
-1.6,1.9,-30,"158.50",46
-1.6,1.9,-40,"197.33",44
-1.6,2,-10,"71.92",35
-1.6,2,-20,"173.83",41
-1.6,2,-30,"139.44",41
-1.6,2,-40,"174.78",39
-1.5,0.1,-10,"978.86",144
-1.5,0.1,-20,"978.86",144
-1.5,0.1,-30,"978.86",144
-1.5,0.1,-40,"978.86",144
-1.5,0.2,-10,"940.74",143
-1.5,0.2,-20,"940.74",143
-1.5,0.2,-30,"940.74",143
-1.5,0.2,-40,"940.74",143
-1.5,0.3,-10,"1008.55",141
-1.5,0.3,-20,"1008.55",141
-1.5,0.3,-30,"1008.55",141
-1.5,0.3,-40,"1008.55",141
-1.5,0.4,-10,"1095.70",135
-1.5,0.4,-20,"1095.70",135
-1.5,0.4,-30,"1095.70",135
-1.5,0.4,-40,"1095.70",135
-1.5,0.5,-10,"1084.13",125
-1.5,0.5,-20,"1084.13",125
-1.5,0.5,-30,"1084.13",125
-1.5,0.5,-40,"1084.13",125
-1.5,0.6,-10,"1087.36",118
-1.5,0.6,-20,"1087.36",118
-1.5,0.6,-30,"1087.36",118
-1.5,0.6,-40,"1087.36",118
-1.5,0.7,-10,"1083.04",113
-1.5,0.7,-20,"1083.04",113
-1.5,0.7,-30,"1083.04",113
-1.5,0.7,-40,"1083.04",113
-1.5,0.8,-10,"514.80",92
-1.5,0.8,-20,"514.80",92
-1.5,0.8,-30,"514.80",92
-1.5,0.8,-40,"514.80",92
-1.5,0.9,-10,"618.89",90
-1.5,0.9,-20,"618.89",90
-1.5,0.9,-30,"618.89",90
-1.5,0.9,-40,"618.89",90
-1.5,1,-10,"616.45",86
-1.5,1,-20,"616.45",86
-1.5,1,-30,"616.45",86
-1.5,1,-40,"616.45",86
-1.5,1.1,-10,"575.66",84
-1.5,1.1,-20,"575.66",84
-1.5,1.1,-30,"575.66",84
-1.5,1.1,-40,"575.66",84
-1.5,1.2,-10,"311.03",69
-1.5,1.2,-20,"311.03",69
-1.5,1.2,-30,"311.03",69
-1.5,1.2,-40,"311.03",69
-1.5,1.3,-10,"307.14",65
-1.5,1.3,-20,"307.14",65
-1.5,1.3,-30,"307.14",65
-1.5,1.3,-40,"307.14",65
-1.5,1.4,-10,"158.97",61
-1.5,1.4,-20,"178.88",59
-1.5,1.4,-30,"143.85",59
-1.5,1.4,-40,"149.47",50
-1.5,1.5,-10,"197.55",66
-1.5,1.5,-20,"220.44",64
-1.5,1.5,-30,"180.19",64
-1.5,1.5,-40,"161.55",50
-1.5,1.6,-10,"99.34",52
-1.5,1.6,-20,"235.07",64
-1.5,1.6,-30,"192.98",64
-1.5,1.6,-40,"173.49",50
-1.5,1.7,-10,"64.92",40
-1.5,1.7,-20,"170.81",49
-1.5,1.7,-30,"136.79",49
-1.5,1.7,-40,"175.78",47
-1.5,1.8,-10,"67.64",39
-1.5,1.8,-20,"178.23",48
-1.5,1.8,-30,"143.28",48
-1.5,1.8,-40,"180.54",46
-1.5,1.9,-10,"70.75",39
-1.5,1.9,-20,"179.94",47
-1.5,1.9,-30,"144.78",47
-1.5,1.9,-40,"181.55",45
-1.5,2,-10,"62.88",36
-1.5,2,-20,"165.15",43
-1.5,2,-30,"131.85",43
-1.5,2,-40,"166.07",41
-1.4,0.1,-10,"1023.06",156
-1.4,0.1,-20,"1023.06",156
-1.4,0.1,-30,"1023.06",156
-1.4,0.1,-40,"1023.06",156
-1.4,0.2,-10,"855.29",143
-1.4,0.2,-20,"855.29",143
-1.4,0.2,-30,"855.29",143
-1.4,0.2,-40,"855.29",143
-1.4,0.3,-10,"458.85",126
-1.4,0.3,-20,"458.85",126
-1.4,0.3,-30,"458.85",126
-1.4,0.3,-40,"458.85",126
-1.4,0.4,-10,"469.76",121
-1.4,0.4,-20,"469.76",121
-1.4,0.4,-30,"469.76",121
-1.4,0.4,-40,"469.76",121
-1.4,0.5,-10,"508.24",116
-1.4,0.5,-20,"508.24",116
-1.4,0.5,-30,"508.24",116
-1.4,0.5,-40,"508.24",116
-1.4,0.6,-10,"479.69",107
-1.4,0.6,-20,"479.69",107
-1.4,0.6,-30,"479.69",107
-1.4,0.6,-40,"479.69",107
-1.4,0.7,-10,"188.21",86
-1.4,0.7,-20,"188.21",86
-1.4,0.7,-30,"188.21",86
-1.4,0.7,-40,"188.21",86
-1.4,0.8,-10,"198.65",83
-1.4,0.8,-20,"198.65",83
-1.4,0.8,-30,"198.65",83
-1.4,0.8,-40,"198.65",83
-1.4,0.9,-10,"250.70",80
-1.4,0.9,-20,"250.70",80
-1.4,0.9,-30,"250.70",80
-1.4,0.9,-40,"250.70",80
-1.4,1,-10,"250.28",76
-1.4,1,-20,"250.28",76
-1.4,1,-30,"250.28",76
-1.4,1,-40,"250.28",76
-1.4,1.1,-10,"252.33",74
-1.4,1.1,-20,"252.33",74
-1.4,1.1,-30,"252.33",74
-1.4,1.1,-40,"252.33",74
-1.4,1.2,-10,"149.79",61
-1.4,1.2,-20,"158.92",59
-1.4,1.2,-30,"158.92",59
-1.4,1.2,-40,"158.92",59
-1.4,1.3,-10,"153.08",59
-1.4,1.3,-20,"162.33",57
-1.4,1.3,-30,"162.33",57
-1.4,1.3,-40,"162.33",57
-1.4,1.4,-10,"87.99",55
-1.4,1.4,-20,"69.98",53
-1.4,1.4,-30,"48.63",53
-1.4,1.4,-40,"52.05",44
-1.4,1.5,-10,"116.37",60
-1.4,1.5,-20,"95.64",58
-1.4,1.5,-30,"71.07",58
-1.4,1.5,-40,"59.68",44
-1.4,1.6,-10,"120.48",60
-1.4,1.6,-20,"99.36",58
-1.4,1.6,-30,"74.32",58
-1.4,1.6,-40,"62.72",44
-1.4,1.7,-10,"80.84",46
-1.4,1.7,-20,"59.89",43
-1.4,1.7,-30,"39.81",43
-1.4,1.7,-40,"62.83",41
-1.4,1.8,-10,"79.04",43
-1.4,1.8,-20,"60.67",41
-1.4,1.8,-30,"40.49",41
-1.4,1.8,-40,"62.01",39
-1.4,1.9,-10,"82.34",43
-1.4,1.9,-20,"61.59",40
-1.4,1.9,-30,"41.30",40
-1.4,1.9,-40,"62.52",38
-1.4,2,-10,"82.82",42
-1.4,2,-20,"62.03",39
-1.4,2,-30,"41.67",39
-1.4,2,-40,"62.58",37
-1.3,0.1,-10,"1058.31",163
-1.3,0.1,-20,"1058.31",163
-1.3,0.1,-30,"1058.31",163
-1.3,0.1,-40,"1058.31",163
-1.3,0.2,-10,"753.76",147
-1.3,0.2,-20,"815.33",144
-1.3,0.2,-30,"815.33",144
-1.3,0.2,-40,"815.33",144
-1.3,0.3,-10,"396.87",129
-1.3,0.3,-20,"432.70",126
-1.3,0.3,-30,"432.70",126
-1.3,0.3,-40,"432.70",126
-1.3,0.4,-10,"402.73",124
-1.3,0.4,-20,"427.01",122
-1.3,0.4,-30,"427.01",122
-1.3,0.4,-40,"427.01",122
-1.3,0.5,-10,"446.72",118
-1.3,0.5,-20,"473.12",116
-1.3,0.5,-30,"473.12",116
-1.3,0.5,-40,"473.12",116
-1.3,0.6,-10,"419.74",109
-1.3,0.6,-20,"444.84",107
-1.3,0.6,-30,"444.84",107
-1.3,0.6,-40,"444.84",107
-1.3,0.7,-10,"158.55",89
-1.3,0.7,-20,"171.04",87
-1.3,0.7,-30,"171.04",87
-1.3,0.7,-40,"171.04",87
-1.3,0.8,-10,"172.74",86
-1.3,0.8,-20,"185.91",84
-1.3,0.8,-30,"185.91",84
-1.3,0.8,-40,"185.91",84
-1.3,0.9,-10,"217.56",83
-1.3,0.9,-20,"232.90",81
-1.3,0.9,-30,"232.90",81
-1.3,0.9,-40,"232.90",81
-1.3,1,-10,"216.69",79
-1.3,1,-20,"223.96",75
-1.3,1,-30,"223.96",75
-1.3,1,-40,"223.96",75
-1.3,1.1,-10,"219.28",76
-1.3,1.1,-20,"227.52",72
-1.3,1.1,-30,"227.52",72
-1.3,1.1,-40,"227.52",72
-1.3,1.2,-10,"156.64",64
-1.3,1.2,-20,"161.72",60
-1.3,1.2,-30,"161.72",60
-1.3,1.2,-40,"161.72",60
-1.3,1.3,-10,"161.06",62
-1.3,1.3,-20,"166.22",58
-1.3,1.3,-30,"166.22",58
-1.3,1.3,-40,"166.22",58
-1.3,1.4,-10,"93.42",58
-1.3,1.4,-20,"69.74",53
-1.3,1.4,-30,"48.42",53
-1.3,1.4,-40,"51.84",44
-1.3,1.5,-10,"122.46",63
-1.3,1.5,-20,"95.22",58
-1.3,1.5,-30,"70.70",58
-1.3,1.5,-40,"59.34",44
-1.3,1.6,-10,"127.30",63
-1.3,1.6,-20,"96.36",58
-1.3,1.6,-30,"71.70",58
-1.3,1.6,-40,"60.27",44
-1.3,1.7,-10,"86.19",49
-1.3,1.7,-20,"60.85",44
-1.3,1.7,-30,"40.64",44
-1.3,1.7,-40,"63.80",42
-1.3,1.8,-10,"85.05",46
-1.3,1.8,-20,"62.25",42
-1.3,1.8,-30,"41.87",42
-1.3,1.8,-40,"63.59",40
-1.3,1.9,-10,"88.78",46
-1.3,1.9,-20,"65.52",42
-1.3,1.9,-30,"44.73",42
-1.3,1.9,-40,"66.47",40
-1.3,2,-10,"64.64",44
-1.3,2,-20,"37.77",39
-1.3,2,-30,"20.47",39
-1.3,2,-40,"38.25",37
-1.2,0.1,-10,"968.17",170
-1.2,0.1,-20,"821.66",167
-1.2,0.1,-30,"455.81",167
-1.2,0.1,-40,"948.95",161
-1.2,0.2,-10,"831.40",157
-1.2,0.2,-20,"703.65",154
-1.2,0.2,-30,"384.64",154
-1.2,0.2,-40,"814.64",148
-1.2,0.3,-10,"441.07",138
-1.2,0.3,-20,"365.37",135
-1.2,0.3,-30,"180.64",135
-1.2,0.3,-40,"429.65",129
-1.2,0.4,-10,"442.31",133
-1.2,0.4,-20,"365.53",130
-1.2,0.4,-30,"180.73",130
-1.2,0.4,-40,"421.97",119
-1.2,0.5,-10,"492.44",127
-1.2,0.5,-20,"407.07",124
-1.2,0.5,-30,"205.79",124
-1.2,0.5,-40,"468.55",113
-1.2,0.6,-10,"473.30",118
-1.2,0.6,-20,"389.87",115
-1.2,0.6,-30,"195.41",115
-1.2,0.6,-40,"454.30",105
-1.2,0.7,-10,"180.58",98
-1.2,0.7,-20,"139.75",95
-1.2,0.7,-30,"44.58",95
-1.2,0.7,-40,"170.33",86
-1.2,0.8,-10,"194.59",94
-1.2,0.8,-20,"150.57",91
-1.2,0.8,-30,"51.10",91
-1.2,0.8,-40,"183.83",83
-1.2,0.9,-10,"249.89",91
-1.2,0.9,-20,"195.81",88
-1.2,0.9,-30,"78.39",88
-1.2,0.9,-40,"236.58",81
-1.2,1,-10,"240.26",83
-1.2,1,-20,"187.08",80
-1.2,1,-30,"73.12",80
-1.2,1,-40,"232.46",76
-1.2,1.1,-10,"240.56",79
-1.2,1.1,-20,"186.60",76
-1.2,1.1,-30,"73.28",76
-1.2,1.1,-40,"231.91",72
-1.2,1.2,-10,"133.82",65
-1.2,1.2,-20,"127.96",64
-1.2,1.2,-30,"37.83",64
-1.2,1.2,-40,"164.00",60
-1.2,1.3,-10,"94.00",61
-1.2,1.3,-20,"111.86",56
-1.2,1.3,-30,"28.10",56
-1.2,1.3,-40,"145.36",52
-1.2,1.4,-10,"48.98",59
-1.2,1.4,-20,"39.70",53
-1.2,1.4,-30,"-26.00",53
-1.2,1.4,-40,"43.53",40
-1.2,1.5,-10,"72.34",65
-1.2,1.5,-20,"61.61",59
-1.2,1.5,-30,"-14.39",59
-1.2,1.5,-40,"51.50",41
-1.2,1.6,-10,"93.64",64
-1.2,1.6,-20,"104.19",58
-1.2,1.6,-30,"-23.39",50
-1.2,1.6,-40,"134.52",54
-1.2,1.7,-10,"61.93",52
-1.2,1.7,-20,"68.71",46
-1.2,1.7,-30,"-36.98",38
-1.2,1.7,-40,"93.77",42
-1.2,1.8,-10,"53.63",47
-1.2,1.8,-20,"60.65",41
-1.2,1.8,-30,"-35.35",37
-1.2,1.8,-40,"95.48",40
-1.2,1.9,-10,"58.30",47
-1.2,1.9,-20,"65.12",41
-1.2,1.9,-30,"-33.62",37
-1.2,1.9,-40,"101.39",40
-1.2,2,-10,"37.92",45
-1.2,2,-20,"44.84",40
-1.2,2,-30,"-34.60",35
-1.2,2,-40,"75.11",39
-1.1,0.1,-10,"995.83",184
-1.1,0.1,-20,"826.00",177
-1.1,0.1,-30,"458.42",177
-1.1,0.1,-40,"953.89",171
-1.1,0.2,-10,"871.80",172
-1.1,0.2,-20,"721.19",165
-1.1,0.2,-30,"395.22",165
-1.1,0.2,-40,"834.60",159
-1.1,0.3,-10,"483.48",156
-1.1,0.3,-20,"390.10",149
-1.1,0.3,-30,"195.55",149
-1.1,0.3,-40,"457.78",143
-1.1,0.4,-10,"497.31",151
-1.1,0.4,-20,"400.52",144
-1.1,0.4,-30,"201.84",144
-1.1,0.4,-40,"456.55",132
-1.1,0.5,-10,"554.87",146
-1.1,0.5,-20,"446.35",139
-1.1,0.5,-30,"229.48",139
-1.1,0.5,-40,"507.52",127
-1.1,0.6,-10,"313.97",125
-1.1,0.6,-20,"355.21",119
-1.1,0.6,-30,"174.52",119
-1.1,0.6,-40,"410.81",108
-1.1,0.7,-10,"78.78",102
-1.1,0.7,-20,"116.51",94
-1.1,0.7,-30,"30.57",94
-1.1,0.7,-40,"142.11",84
-1.1,0.8,-10,"147.33",96
-1.1,0.8,-20,"120.79",88
-1.1,0.8,-30,"33.14",88
-1.1,0.8,-40,"148.02",79
-1.1,0.9,-10,"113.29",88
-1.1,0.9,-20,"156.63",81
-1.1,0.9,-30,"54.76",81
-1.1,0.9,-40,"191.69",74
-1.1,1,-10,"114.03",81
-1.1,1,-20,"163.34",74
-1.1,1,-30,"58.81",74
-1.1,1,-40,"206.06",70
-1.1,1.1,-10,"114.59",76
-1.1,1.1,-20,"161.48",69
-1.1,1.1,-30,"58.10",69
-1.1,1.1,-40,"201.72",65
-1.1,1.2,-10,"129.61",72
-1.1,1.2,-20,"148.39",68
-1.1,1.2,-30,"50.18",68
-1.1,1.2,-40,"186.61",64
-1.1,1.3,-10,"95.64",70
-1.1,1.3,-20,"135.86",62
-1.1,1.3,-30,"42.61",62
-1.1,1.3,-40,"172.15",58
-1.1,1.4,-10,"29.95",66
-1.1,1.4,-20,"26.99",55
-1.1,1.4,-30,"-32.73",55
-1.1,1.4,-40,"49.36",49
-1.1,1.5,-10,"38.38",67
-1.1,1.5,-20,"33.34",56
-1.1,1.5,-30,"-29.37",56
-1.1,1.5,-40,"56.59",50
-1.1,1.6,-10,"5.15",57
-1.1,1.6,-20,"74.58",56
-1.1,1.6,-30,"-25.78",47
-1.1,1.6,-40,"100.43",52
-1.1,1.7,-10,"11.46",57
-1.1,1.7,-20,"83.13",56
-1.1,1.7,-30,"-22.29",47
-1.1,1.7,-40,"110.25",52
-1.1,1.8,-10,"13.60",56
-1.1,1.8,-20,"74.29",51
-1.1,1.8,-30,"-20.64",46
-1.1,1.8,-40,"112.09",50
-1.1,1.9,-10,"17.34",55
-1.1,1.9,-20,"78.58",50
-1.1,1.9,-30,"-18.69",45
-1.1,1.9,-40,"117.79",49
-1.1,2,-10,"-2.61",51
-1.1,2,-20,"67.22",45
-1.1,2,-30,"-24.69",40
-1.1,2,-40,"102.16",44
-1,0.1,-10,"1104.86",193
-1,0.1,-20,"868.61",183
-1,0.1,-30,"484.12",183
-1,0.1,-40,"1002.39",177
-1,0.2,-10,"863.39",180
-1,0.2,-20,"671.29",154
-1,0.2,-30,"365.12",154
-1,0.2,-40,"777.81",148
-1,0.3,-10,"484.39",166
-1,0.3,-20,"349.60",138
-1,0.3,-30,"173.14",138
-1,0.3,-40,"403.16",125
-1,0.4,-10,"513.39",160
-1,0.4,-20,"374.23",133
-1,0.4,-30,"188.10",133
-1,0.4,-40,"419.36",121
-1,0.5,-10,"578.68",155
-1,0.5,-20,"412.25",129
-1,0.5,-30,"211.20",129
-1,0.5,-40,"461.00",117
-1,0.6,-10,"329.30",134
-1,0.6,-20,"324.42",110
-1,0.6,-30,"157.84",110
-1,0.6,-40,"369.07",99
-1,0.7,-10,"84.93",108
-1,0.7,-20,"101.65",85
-1,0.7,-30,"22.51",85
-1,0.7,-40,"122.09",75
-1,0.8,-10,"85.56",101
-1,0.8,-20,"99.86",78
-1,0.8,-30,"21.42",78
-1,0.8,-40,"124.39",69
-1,0.9,-10,"92.97",92
-1,0.9,-20,"103.16",71
-1,0.9,-30,"23.42",71
-1,0.9,-40,"130.79",64
-1,1,-10,"59.72",85
-1,1,-20,"106.43",65
-1,1,-30,"25.41",65
-1,1,-40,"139.79",61
-1,1.1,-10,"61.33",81
-1,1.1,-20,"105.89",61
-1,1.1,-30,"25.41",61
-1,1.1,-40,"137.45",57
-1,1.2,-10,"69.27",81
-1,1.2,-20,"114.74",61
-1,1.2,-30,"30.80",61
-1,1.2,-40,"147.66",57
-1,1.3,-10,"73.18",78
-1,1.3,-20,"120.52",59
-1,1.3,-30,"34.32",59
-1,1.3,-40,"154.32",55
-1,1.4,-10,"29.63",74
-1,1.4,-20,"41.22",54
-1,1.4,-30,"-24.64",54
-1,1.4,-40,"63.32",47
-1,1.5,-10,"38.76",75
-1,1.5,-20,"48.67",55
-1,1.5,-30,"-20.66",55
-1,1.5,-40,"71.67",48
-1,1.6,-10,"24.62",65
-1,1.6,-20,"94.40",55
-1,1.6,-30,"-14.95",46
-1,1.6,-40,"123.08",51
-1,1.7,-10,"32.26",65
-1,1.7,-20,"102.94",55
-1,1.7,-30,"-11.38",46
-1,1.7,-40,"132.88",51
-1,1.8,-10,"67.41",64
-1,1.8,-20,"96.32",50
-1,1.8,-30,"-9.95",45
-1,1.8,-40,"138.77",49
-1,1.9,-10,"71.11",62
-1,1.9,-20,"95.79",48
-1,1.9,-30,"-10.19",43
-1,1.9,-40,"138.66",47
-1,2,-10,"42.72",58
-1,2,-20,"81.57",43
-1,2,-30,"-17.62",38
-1,2,-40,"119.40",42
-0.9,0.1,-10,"1317.43",217
-0.9,0.1,-20,"1089.06",207
-0.9,0.1,-30,"617.06",207
-0.9,0.1,-40,"1253.27",201
-0.9,0.2,-10,"170.42",160
-0.9,0.2,-20,"125.33",133
-0.9,0.2,-30,"35.88",133
-0.9,0.2,-40,"156.45",127
-0.9,0.3,-10,"201.12",159
-0.9,0.3,-20,"142.37",131
-0.9,0.3,-30,"47.24",131
-0.9,0.3,-40,"171.23",118
-0.9,0.4,-10,"222.11",152
-0.9,0.4,-20,"162.04",126
-0.9,0.4,-30,"59.19",126
-0.9,0.4,-40,"186.98",114
-0.9,0.5,-10,"258.07",144
-0.9,0.5,-20,"184.56",119
-0.9,0.5,-30,"72.88",119
-0.9,0.5,-40,"211.65",107
-0.9,0.6,-10,"90.39",124
-0.9,0.6,-20,"95.70",100
-0.9,0.6,-30,"18.89",100
-0.9,0.6,-40,"116.29",89
-0.9,0.7,-10,"77.15",117
-0.9,0.7,-20,"109.67",99
-0.9,0.7,-30,"27.38",99
-0.9,0.7,-40,"130.93",89
-0.9,0.8,-10,"72.86",107
-0.9,0.8,-20,"105.35",89
-0.9,0.8,-30,"24.75",89
-0.9,0.8,-40,"130.55",80
-0.9,0.9,-10,"74.77",99
-0.9,0.9,-20,"113.14",84
-0.9,0.9,-30,"29.49",84
-0.9,0.9,-40,"142.13",77
-0.9,1,-10,"42.88",89
-0.9,1,-20,"105.26",74
-0.9,1,-30,"24.70",74
-0.9,1,-40,"138.43",70
-0.9,1.1,-10,"39.69",85
-0.9,1.1,-20,"105.15",70
-0.9,1.1,-30,"24.96",70
-0.9,1.1,-40,"136.60",66
-0.9,1.2,-10,"49.74",86
-0.9,1.2,-20,"117.14",71
-0.9,1.2,-30,"32.26",71
-0.9,1.2,-40,"150.42",67
-0.9,1.3,-10,"31.07",82
-0.9,1.3,-20,"121.52",68
-0.9,1.3,-30,"34.93",68
-0.9,1.3,-40,"155.48",64
-0.9,1.4,-10,"2.13",79
-0.9,1.4,-20,"39.90",62
-0.9,1.4,-30,"-25.34",62
-0.9,1.4,-40,"62.18",55
-0.9,1.5,-10,"-17.58",72
-0.9,1.5,-20,"2.39",61
-0.9,1.5,-30,"-44.99",61
-0.9,1.5,-40,"18.15",54
-0.9,1.6,-10,"-15.45",65
-0.9,1.6,-20,"30.05",58
-0.9,1.6,-30,"-31.82",52
-0.9,1.6,-40,"49.23",54
-0.9,1.7,-10,"-11.64",64
-0.9,1.7,-20,"35.34",58
-0.9,1.7,-30,"-29.18",52
-0.9,1.7,-40,"55.30",54
-0.9,1.8,-10,"-7.92",63
-0.9,1.8,-20,"30.22",54
-0.9,1.8,-30,"-27.78",51
-0.9,1.8,-40,"58.38",53
-0.9,1.9,-10,"-6.20",61
-0.9,1.9,-20,"29.34",51
-0.9,1.9,-30,"-28.27",48
-0.9,1.9,-40,"57.66",50
-0.9,2,-10,"-8.51",59
-0.9,2,-20,"19.57",47
-0.9,2,-30,"-34.33",44
-0.9,2,-40,"44.47",46
-0.8,0.1,-10,"1291.11",258
-0.8,0.1,-20,"1003.72",219
-0.8,0.1,-30,"565.60",219
-0.8,0.1,-40,"1156.15",213
-0.8,0.2,-10,"113.65",191
-0.8,0.2,-20,"130.63",159
-0.8,0.2,-30,"39.08",159
-0.8,0.2,-40,"162.48",153
-0.8,0.3,-10,"113.57",185
-0.8,0.3,-20,"79.72",116
-0.8,0.3,-30,"9.18",116
-0.8,0.3,-40,"102.16",103
-0.8,0.4,-10,"212.86",176
-0.8,0.4,-20,"99.55",111
-0.8,0.4,-30,"21.23",111
-0.8,0.4,-40,"119.03",99
-0.8,0.5,-10,"250.49",165
-0.8,0.5,-20,"113.55",103
-0.8,0.5,-30,"29.73",103
-0.8,0.5,-40,"134.39",91
-0.8,0.6,-10,"81.26",141
-0.8,0.6,-20,"81.23",100
-0.8,0.6,-30,"10.10",100
-0.8,0.6,-40,"100.19",90
-0.8,0.7,-10,"68.59",131
-0.8,0.7,-20,"97.76",100
-0.8,0.7,-30,"20.14",100
-0.8,0.7,-40,"118.13",91
-0.8,0.8,-10,"70.17",124
-0.8,0.8,-20,"106.16",97
-0.8,0.8,-30,"25.25",97
-0.8,0.8,-40,"131.82",89
-0.8,0.9,-10,"76.08",115
-0.8,0.9,-20,"111.58",90
-0.8,0.9,-30,"28.54",90
-0.8,0.9,-40,"137.76",82
-0.8,1,-10,"41.18",102
-0.8,1,-20,"104.65",80
-0.8,1,-30,"24.33",80
-0.8,1,-40,"137.72",76
-0.8,1.1,-10,"35.12",94
-0.8,1.1,-20,"112.58",77
-0.8,1.1,-30,"29.48",77
-0.8,1.1,-40,"145.16",73
-0.8,1.2,-10,"73.79",94
-0.8,1.2,-20,"125.30",77
-0.8,1.2,-30,"37.23",77
-0.8,1.2,-40,"159.84",73
-0.8,1.3,-10,"77.67",91
-0.8,1.3,-20,"138.40",75
-0.8,1.3,-30,"45.21",75
-0.8,1.3,-40,"174.94",71
-0.8,1.4,-10,"37.14",88
-0.8,1.4,-20,"60.69",73
-0.8,1.4,-30,"-14.03",73
-0.8,1.4,-40,"83.45",65
-0.8,1.5,-10,"35.82",88
-0.8,1.5,-20,"60.20",73
-0.8,1.5,-30,"-14.30",73
-0.8,1.5,-40,"82.05",65
-0.8,1.6,-10,"55.09",85
-0.8,1.6,-20,"95.29",67
-0.8,1.6,-30,"-32.32",54
-0.8,1.6,-40,"124.10",63
-0.8,1.7,-10,"93.15",81
-0.8,1.7,-20,"104.79",65
-0.8,1.7,-30,"-28.69",53
-0.8,1.7,-40,"135.01",61
-0.8,1.8,-10,"41.80",72
-0.8,1.8,-20,"30.21",55
-0.8,1.8,-30,"-27.79",52
-0.8,1.8,-40,"96.59",57
-0.8,1.9,-10,"66.27",70
-0.8,1.9,-20,"12.87",51
-0.8,1.9,-30,"-37.40",48
-0.8,1.9,-40,"101.38",54
-0.8,2,-10,"75.73",70
-0.8,2,-20,"14.67",50
-0.8,2,-30,"-37.02",47
-0.8,2,-40,"103.40",53
-0.7,0.1,-10,"219.18",290
-0.7,0.1,-20,"151.93",242
-0.7,0.1,-30,"53.03",242
-0.7,0.1,-40,"184.10",226
-0.7,0.2,-10,"178.02",241
-0.7,0.2,-20,"168.71",216
-0.7,0.2,-30,"63.22",216
-0.7,0.2,-40,"197.10",200
-0.7,0.3,-10,"196.18",245
-0.7,0.3,-20,"208.42",209
-0.7,0.3,-30,"87.37",209
-0.7,0.3,-40,"241.17",191
-0.7,0.4,-10,"337.06",223
-0.7,0.4,-20,"233.92",186
-0.7,0.4,-30,"102.86",186
-0.7,0.4,-40,"257.76",169
-0.7,0.5,-10,"308.70",200
-0.7,0.5,-20,"219.84",166
-0.7,0.5,-30,"94.31",166
-0.7,0.5,-40,"242.43",149
-0.7,0.6,-10,"116.24",171
-0.7,0.6,-20,"164.19",148
-0.7,0.6,-30,"60.50",148
-0.7,0.6,-40,"181.16",133
-0.7,0.7,-10,"171.85",165
-0.7,0.7,-20,"179.69",140
-0.7,0.7,-30,"69.92",140
-0.7,0.7,-40,"197.49",126
-0.7,0.8,-10,"232.78",164
-0.7,0.8,-20,"239.06",139
-0.7,0.8,-30,"105.98",139
-0.7,0.8,-40,"266.48",127
-0.7,0.9,-10,"147.76",144
-0.7,0.9,-20,"202.52",121
-0.7,0.9,-30,"83.79",121
-0.7,0.9,-40,"226.49",109
-0.7,1,-10,"84.17",134
-0.7,1,-20,"131.76",95
-0.7,1,-30,"40.80",95
-0.7,1,-40,"158.19",87
-0.7,1.1,-10,"72.88",125
-0.7,1.1,-20,"82.27",90
-0.7,1.1,-30,"11.02",90
-0.7,1.1,-40,"106.29",84
-0.7,1.2,-10,"113.12",119
-0.7,1.2,-20,"94.48",90
-0.7,1.2,-30,"18.46",90
-0.7,1.2,-40,"120.10",84
-0.7,1.3,-10,"127.63",114
-0.7,1.3,-20,"108.25",85
-0.7,1.3,-30,"26.85",85
-0.7,1.3,-40,"138.90",80
-0.7,1.4,-10,"106.98",114
-0.7,1.4,-20,"94.57",94
-0.7,1.4,-30,"3.95",94
-0.7,1.4,-40,"90.60",77
-0.7,1.5,-10,"99.42",110
-0.7,1.5,-20,"86.95",90
-0.7,1.5,-30,"-0.12",90
-0.7,1.5,-40,"84.18",74
-0.7,1.6,-10,"147.85",114
-0.7,1.6,-20,"98.88",80
-0.7,1.6,-30,"-34.04",65
-0.7,1.6,-40,"126.40",75
-0.7,1.7,-10,"200.02",105
-0.7,1.7,-20,"104.82",75
-0.7,1.7,-30,"-32.95",63
-0.7,1.7,-40,"117.45",66
-0.7,1.8,-10,"59.05",83
-0.7,1.8,-20,"-14.64",54
-0.7,1.8,-30,"-49.06",53
-0.7,1.8,-40,"47.47",55
-0.7,1.9,-10,"62.40",82
-0.7,1.9,-20,"-17.37",52
-0.7,1.9,-30,"-50.59",51
-0.7,1.9,-40,"42.99",53
-0.7,2,-10,"84.32",84
-0.7,2,-20,"-13.04",52
-0.7,2,-30,"-48.38",51
-0.7,2,-40,"46.43",52
-0.6,0.1,-10,"962.67",423
-0.6,0.1,-20,"781.82",356
-0.6,0.1,-30,"435.65",356
-0.6,0.1,-40,"901.53",339
-0.6,0.2,-10,"723.84",351
-0.6,0.2,-20,"595.68",298
-0.6,0.2,-30,"322.58",298
-0.6,0.2,-40,"673.52",281
-0.6,0.3,-10,"303.25",321
-0.6,0.3,-20,"313.46",260
-0.6,0.3,-30,"151.19",260
-0.6,0.3,-40,"373.42",249
-0.6,0.4,-10,"127.34",279
-0.6,0.4,-20,"123.10",207
-0.6,0.4,-30,"35.54",207
-0.6,0.4,-40,"149.39",197
-0.6,0.5,-10,"191.87",265
-0.6,0.5,-20,"186.05",206
-0.6,0.5,-30,"73.78",206
-0.6,0.5,-40,"219.11",196
-0.6,0.6,-10,"10.74",208
-0.6,0.6,-20,"46.42",162
-0.6,0.6,-30,"-11.05",162
-0.6,0.6,-40,"63.34",153
-0.6,0.7,-10,"42.28",198
-0.6,0.7,-20,"62.56",154
-0.6,0.7,-30,"-1.24",154
-0.6,0.7,-40,"81.14",146
-0.6,0.8,-10,"12.45",178
-0.6,0.8,-20,"34.59",121
-0.6,0.8,-30,"-18.24",121
-0.6,0.8,-40,"53.70",115
-0.6,0.9,-10,"22.80",179
-0.6,0.9,-20,"36.17",116
-0.6,0.9,-30,"-16.89",111
-0.6,0.9,-40,"57.77",106
-0.6,1,-10,"-14.25",157
-0.6,1,-20,"-5.05",99
-0.6,1,-30,"-42.53",94
-0.6,1,-40,"9.07",90
-0.6,1.1,-10,"-14.76",149
-0.6,1.1,-20,"-15.50",96
-0.6,1.1,-30,"-52.18",91
-0.6,1.1,-40,"-10.65",76
-0.6,1.2,-10,"-13.51",141
-0.6,1.2,-20,"-9.91",94
-0.6,1.2,-30,"-48.69",90
-0.6,1.2,-40,"-4.46",75
-0.6,1.3,-10,"26.98",139
-0.6,1.3,-20,"-1.72",90
-0.6,1.3,-30,"-44.12",86
-0.6,1.3,-40,"3.74",72
-0.6,1.4,-10,"27.23",135
-0.6,1.4,-20,"8.74",92
-0.6,1.4,-30,"-38.04",88
-0.6,1.4,-40,"13.54",74
-0.6,1.5,-10,"57.51",138
-0.6,1.5,-20,"2.65",90
-0.6,1.5,-30,"-41.72",86
-0.6,1.5,-40,"4.47",71
-0.6,1.6,-10,"144.46",134
-0.6,1.6,-20,"5.84",80
-0.6,1.6,-30,"-65.33",63
-0.6,1.6,-40,"10.06",67
-0.6,1.7,-10,"169.93",128
-0.6,1.7,-20,"-2.01",77
-0.6,1.7,-30,"-66.15",59
-0.6,1.7,-40,"-0.49",60
-0.6,1.8,-10,"29.88",106
-0.6,1.8,-20,"-28.63",65
-0.6,1.8,-30,"-65.48",58
-0.6,1.8,-40,"1.69",59
-0.6,1.9,-10,"33.07",107
-0.6,1.9,-20,"-37.03",60
-0.6,1.9,-30,"-73.08",52
-0.6,1.9,-40,"-10.60",54
-0.6,2,-10,"104.00",111
-0.6,2,-20,"-37.25",60
-0.6,2,-30,"-74.37",51
-0.6,2,-40,"-16.18",52
-0.5,0.1,-10,"500.16",503
-0.5,0.1,-20,"361.09",383
-0.5,0.1,-30,"231.24",364
-0.5,0.1,-40,"511.96",343
-0.5,0.2,-10,"445.49",403
-0.5,0.2,-20,"298.99",312
-0.5,0.2,-30,"253.56",310
-0.5,0.2,-40,"540.07",291
-0.5,0.3,-10,"45.28",356
-0.5,0.3,-20,"29.21",261
-0.5,0.3,-30,"45.70",299
-0.5,0.3,-40,"171.58",286
-0.5,0.4,-10,"11.08",309
-0.5,0.4,-20,"-12.56",220
-0.5,0.4,-30,"-37.76",206
-0.5,0.4,-40,"14.55",193
-0.5,0.5,-10,"10.77",298
-0.5,0.5,-20,"-0.85",197
-0.5,0.5,-30,"-28.57",183
-0.5,0.5,-40,"31.61",171
-0.5,0.6,-10,"40.54",271
-0.5,0.6,-20,"35.66",193
-0.5,0.6,-30,"-22.35",163
-0.5,0.6,-40,"40.80",151
-0.5,0.7,-10,"180.95",266
-0.5,0.7,-20,"184.07",192
-0.5,0.7,-30,"59.26",161
-0.5,0.7,-40,"222.93",160
-0.5,0.8,-10,"14.07",218
-0.5,0.8,-20,"12.88",144
-0.5,0.8,-30,"-35.11",122
-0.5,0.8,-40,"33.16",123
-0.5,0.9,-10,"-9.46",205
-0.5,0.9,-20,"-0.63",142
-0.5,0.9,-30,"-40.45",121
-0.5,0.9,-40,"23.97",122
-0.5,1,-10,"57.38",202
-0.5,1,-20,"17.18",136
-0.5,1,-30,"-30.68",115
-0.5,1,-40,"39.30",113
-0.5,1.1,-10,"30.25",193
-0.5,1.1,-20,"-2.05",128
-0.5,1.1,-30,"-47.95",102
-0.5,1.1,-40,"5.64",90
-0.5,1.2,-10,"-42.41",175
-0.5,1.2,-20,"-43.12",109
-0.5,1.2,-30,"-53.74",96
-0.5,1.2,-40,"11.86",88
-0.5,1.3,-10,"7.44",170
-0.5,1.3,-20,"-21.73",110
-0.5,1.3,-30,"140.17",112
-0.5,1.3,-40,"140.17",112
-0.5,1.4,-10,"-26.61",166
-0.5,1.4,-20,"-38.64",113
-0.5,1.4,-30,"-49.30",93
-0.5,1.4,-40,"101.61",107
-0.5,1.5,-10,"45.00",168
-0.5,1.5,-20,"-35.23",110
-0.5,1.5,-30,"-45.46",92
-0.5,1.5,-40,"119.81",106
-0.5,1.6,-10,"50.44",159
-0.5,1.6,-20,"-3.03",96
-0.5,1.6,-30,"-47.21",79
-0.5,1.6,-40,"51.22",85
-0.5,1.7,-10,"83.18",153
-0.5,1.7,-20,"-5.15",87
-0.5,1.7,-30,"-47.28",75
-0.5,1.7,-40,"84.69",87
-0.5,1.8,-10,"-34.90",129
-0.5,1.8,-20,"-47.12",74
-0.5,1.8,-30,"-47.71",73
-0.5,1.8,-40,"53.48",78
-0.5,1.9,-10,"-31.01",130
-0.5,1.9,-20,"-49.80",72
-0.5,1.9,-30,"-50.36",71
-0.5,1.9,-40,"88.26",81
-0.5,2,-10,"-18.43",128
-0.5,2,-20,"-50.07",74
-0.5,2,-30,"-50.71",73
-0.5,2,-40,"101.29",84
-0.4,0.1,-10,"19.54",511
-0.4,0.1,-20,"17.16",379
-0.4,0.1,-30,"-39.66",365
-0.4,0.1,-40,"24.97",332
-0.4,0.2,-10,"125.63",465
-0.4,0.2,-20,"146.33",329
-0.4,0.2,-30,"25.24",316
-0.4,0.2,-40,"158.66",291
-0.4,0.3,-10,"-56.34",373
-0.4,0.3,-20,"-38.78",236
-0.4,0.3,-30,"-67.71",232
-0.4,0.3,-40,"-34.78",206
-0.4,0.4,-10,"-45.63",316
-0.4,0.4,-20,"-44.15",194
-0.4,0.4,-30,"-70.76",190
-0.4,0.4,-40,"-42.06",165
-0.4,0.5,-10,"-53.79",287
-0.4,0.5,-20,"-40.65",182
-0.4,0.5,-30,"-59.29",165
-0.4,0.5,-40,"-27.40",151
-0.4,0.6,-10,"-25.75",258
-0.4,0.6,-20,"-23.74",169
-0.4,0.6,-30,"-48.14",152
-0.4,0.6,-40,"-8.86",137
-0.4,0.7,-10,"35.09",250
-0.4,0.7,-20,"48.75",161
-0.4,0.7,-30,"1.95",148
-0.4,0.7,-40,"105.75",146
-0.4,0.8,-10,"-38.54",226
-0.4,0.8,-20,"97.23",160
-0.4,0.8,-30,"25.07",139
-0.4,0.8,-40,"158.80",140
-0.4,0.9,-10,"48.32",223
-0.4,0.9,-20,"55.32",164
-0.4,0.9,-30,"-3.36",143
-0.4,0.9,-40,"109.76",147
-0.4,1,-10,"-17.67",193
-0.4,1,-20,"5.75",134
-0.4,1,-30,"-31.48",126
-0.4,1,-40,"86.24",137
-0.4,1.1,-10,"40.54",204
-0.4,1.1,-20,"15.79",127
-0.4,1.1,-30,"-32.00",113
-0.4,1.1,-40,"75.86",114
-0.4,1.2,-10,"-8.62",173
-0.4,1.2,-20,"-3.72",118
-0.4,1.2,-30,"-32.54",109
-0.4,1.2,-40,"91.55",113
-0.4,1.3,-10,"-2.59",172
-0.4,1.3,-20,"-18.62",109
-0.4,1.3,-30,"-43.14",99
-0.4,1.3,-40,"64.91",104
-0.4,1.4,-10,"-10.51",166
-0.4,1.4,-20,"-8.39",111
-0.4,1.4,-30,"-35.47",102
-0.4,1.4,-40,"98.25",110
-0.4,1.5,-10,"-4.88",166
-0.4,1.5,-20,"31.45",115
-0.4,1.5,-30,"20.29",121
-0.4,1.5,-40,"265.47",128
-0.4,1.6,-10,"-15.77",156
-0.4,1.6,-20,"5.40",104
-0.4,1.6,-30,"7.63",115
-0.4,1.6,-40,"205.64",120
-0.4,1.7,-10,"-2.91",142
-0.4,1.7,-20,"-3.83",89
-0.4,1.7,-30,"-6.05",99
-0.4,1.7,-40,"185.26",105
-0.4,1.8,-10,"-21.14",130
-0.4,1.8,-20,"-9.82",75
-0.4,1.8,-30,"-47.44",70
-0.4,1.8,-40,"63.30",76
-0.4,1.9,-10,"-12.60",129
-0.4,1.9,-20,"28.80",86
-0.4,1.9,-30,"-26.20",82
-0.4,1.9,-40,"131.23",88
-0.4,2,-10,"33.37",130
-0.4,2,-20,"-28.81",64
-0.4,2,-30,"-38.90",67
-0.4,2,-40,"40.03",71
