"cond_open_sell_okft_buy_bitf","cond_open_buy_okft_sell_bitf","scaling","cond_close","profit","deals"
0.3,-0.3,1,0.6,"42.96",134
0.3,-0.3,1,0.8,"34.04",87
0.3,-0.3,1,1,"31.43",67
0.3,-0.3,1,1.2,"28.08",46
0.3,-0.3,1,1.4,"29.38",39
0.3,-0.3,1,1.6,"16.90",25
0.3,-0.3,1,1.8,"20.22",27
0.3,-0.3,1,2,"20.97",22
0.3,-0.3,1,2.2,"18.89",18
0.3,-0.3,1,2.4,"20.96",17
0.3,-0.3,1,2.6,"19.44",11
0.3,-0.3,1,2.8,"15.51",8
0.3,-0.3,1,3,"20.56",11
0.3,-0.3,1.5,0.6,"46.76",142
0.3,-0.3,1.5,0.8,"38.25",93
0.3,-0.3,1.5,1,"28.44",70
0.3,-0.3,1.5,1.2,"26.83",49
0.3,-0.3,1.5,1.4,"29.17",41
0.3,-0.3,1.5,1.6,"28.83",38
0.3,-0.3,1.5,1.8,"16.80",21
0.3,-0.3,1.5,2,"17.49",19
0.3,-0.3,1.5,2.2,"16.61",18
0.3,-0.3,1.5,2.4,"21.14",21
0.3,-0.3,1.5,2.6,"18.30",11
0.3,-0.3,1.5,2.8,"19.22",11
0.3,-0.3,1.5,3,"18.89",11
0.3,-0.3,2,0.6,"54.72",169
0.3,-0.3,2,0.8,"39.61",109
0.3,-0.3,2,1,"38.67",81
0.3,-0.3,2,1.2,"27.08",54
0.3,-0.3,2,1.4,"32.89",46
0.3,-0.3,2,1.6,"25.93",32
0.3,-0.3,2,1.8,"21.99",23
0.3,-0.3,2,2,"21.34",22
0.3,-0.3,2,2.2,"21.32",18
0.3,-0.3,2,2.4,"21.87",18
0.3,-0.3,2,2.6,"22.27",19
0.3,-0.3,2,2.8,"22.41",15
0.3,-0.3,2,3,"18.97",12
0.3,-0.3,2.5,0.6,"51.23",170
0.3,-0.3,2.5,0.8,"44.10",108
0.3,-0.3,2.5,1,"42.09",90
0.3,-0.3,2.5,1.2,"33.52",56
0.3,-0.3,2.5,1.4,"41.21",60
0.3,-0.3,2.5,1.6,"27.20",38
0.3,-0.3,2.5,1.8,"24.06",30
0.3,-0.3,2.5,2,"22.83",25
0.3,-0.3,2.5,2.2,"22.59",20
0.3,-0.3,2.5,2.4,"14.60",12
0.3,-0.3,2.5,2.6,"18.09",13
0.3,-0.3,2.5,2.8,"17.36",12
0.3,-0.3,2.5,3,"20.29",12
0.3,-0.3,3,0.6,"50.17",180
0.3,-0.3,3,0.8,"43.54",122
0.3,-0.3,3,1,"44.28",88
0.3,-0.3,3,1.2,"40.88",71
0.3,-0.3,3,1.4,"44.65",63
0.3,-0.3,3,1.6,"39.22",50
0.3,-0.3,3,1.8,"24.15",27
0.3,-0.3,3,2,"28.48",25
0.3,-0.3,3,2.2,"18.04",17
0.3,-0.3,3,2.4,"19.97",15
0.3,-0.3,3,2.6,"15.31",12
0.3,-0.3,3,2.8,"16.13",12
0.3,-0.3,3,3,"17.87",14
0.6,-0.6,1,0.6,"47.32",134
0.6,-0.6,1,0.8,"38.21",93
0.6,-0.6,1,1,"34.56",68
0.6,-0.6,1,1.2,"29.64",47
0.6,-0.6,1,1.4,"22.07",33
0.6,-0.6,1,1.6,"17.30",25
0.6,-0.6,1,1.8,"20.56",24
0.6,-0.6,1,2,"20.47",22
0.6,-0.6,1,2.2,"20.96",22
0.6,-0.6,1,2.4,"19.06",14
0.6,-0.6,1,2.6,"16.48",9
0.6,-0.6,1,2.8,"16.68",9
0.6,-0.6,1,3,"20.98",11
0.6,-0.6,1.5,0.6,"46.91",146
0.6,-0.6,1.5,0.8,"42.38",106
0.6,-0.6,1.5,1,"39.02",80
0.6,-0.6,1.5,1.2,"31.30",50
0.6,-0.6,1.5,1.4,"28.10",39
0.6,-0.6,1.5,1.6,"19.82",31
0.6,-0.6,1.5,1.8,"17.44",20
0.6,-0.6,1.5,2,"16.96",17
0.6,-0.6,1.5,2.2,"17.53",19
0.6,-0.6,1.5,2.4,"20.60",19
0.6,-0.6,1.5,2.6,"17.79",11
0.6,-0.6,1.5,2.8,"19.22",11
0.6,-0.6,1.5,3,"18.89",11
0.6,-0.6,2,0.6,"60.59",177
0.6,-0.6,2,0.8,"44.06",114
0.6,-0.6,2,1,"38.92",80
0.6,-0.6,2,1.2,"36.00",60
0.6,-0.6,2,1.4,"37.40",48
0.6,-0.6,2,1.6,"28.17",35
0.6,-0.6,2,1.8,"24.01",26
0.6,-0.6,2,2,"21.88",22
0.6,-0.6,2,2.2,"21.54",18
0.6,-0.6,2,2.4,"17.53",13
0.6,-0.6,2,2.6,"20.84",14
0.6,-0.6,2,2.8,"22.69",15
0.6,-0.6,2,3,"19.24",12
0.6,-0.6,2.5,0.6,"51.20",172
0.6,-0.6,2.5,0.8,"42.66",109
0.6,-0.6,2.5,1,"43.73",89
0.6,-0.6,2.5,1.2,"35.49",66
0.6,-0.6,2.5,1.4,"46.51",66
0.6,-0.6,2.5,1.6,"19.10",30
0.6,-0.6,2.5,1.8,"29.42",34
0.6,-0.6,2.5,2,"22.90",25
0.6,-0.6,2.5,2.2,"20.80",19
0.6,-0.6,2.5,2.4,"14.72",12
0.6,-0.6,2.5,2.6,"20.52",17
0.6,-0.6,2.5,2.8,"18.32",13
0.6,-0.6,2.5,3,"18.23",12
0.6,-0.6,3,0.6,"50.66",181
0.6,-0.6,3,0.8,"48.50",131
0.6,-0.6,3,1,"42.69",85
0.6,-0.6,3,1.2,"46.96",80
0.6,-0.6,3,1.4,"47.00",66
0.6,-0.6,3,1.6,"31.36",36
0.6,-0.6,3,1.8,"26.37",29
0.6,-0.6,3,2,"28.33",25
0.6,-0.6,3,2.2,"16.60",17
0.6,-0.6,3,2.4,"19.97",15
0.6,-0.6,3,2.6,"15.63",12
0.6,-0.6,3,2.8,"15.77",13
0.6,-0.6,3,3,"16.48",13
0.9,-0.9,1,0.6,"52.18",157
0.9,-0.9,1,0.8,"42.22",103
0.9,-0.9,1,1,"39.41",74
0.9,-0.9,1,1.2,"28.49",44
0.9,-0.9,1,1.4,"26.91",40
0.9,-0.9,1,1.6,"18.76",25
0.9,-0.9,1,1.8,"18.89",25
0.9,-0.9,1,2,"19.57",20
0.9,-0.9,1,2.2,"18.92",18
0.9,-0.9,1,2.4,"19.05",16
0.9,-0.9,1,2.6,"18.76",11
0.9,-0.9,1,2.8,"19.91",11
0.9,-0.9,1,3,"15.37",8
0.9,-0.9,1.5,0.6,"59.71",175
0.9,-0.9,1.5,0.8,"48.89",122
0.9,-0.9,1.5,1,"40.24",82
0.9,-0.9,1.5,1.2,"34.59",52
0.9,-0.9,1.5,1.4,"22.15",39
0.9,-0.9,1.5,1.6,"21.40",31
0.9,-0.9,1.5,1.8,"20.12",25
0.9,-0.9,1.5,2,"17.38",19
0.9,-0.9,1.5,2.2,"18.10",21
0.9,-0.9,1.5,2.4,"18.49",18
0.9,-0.9,1.5,2.6,"17.63",11
0.9,-0.9,1.5,2.8,"15.42",9
0.9,-0.9,1.5,3,"16.26",9
0.9,-0.9,2,0.6,"57.79",191
0.9,-0.9,2,0.8,"58.01",133
0.9,-0.9,2,1,"40.76",81
0.9,-0.9,2,1.2,"35.21",62
0.9,-0.9,2,1.4,"37.92",49
0.9,-0.9,2,1.6,"22.68",32
0.9,-0.9,2,1.8,"24.28",28
0.9,-0.9,2,2,"25.88",27
0.9,-0.9,2,2.2,"17.63",16
0.9,-0.9,2,2.4,"15.83",12
0.9,-0.9,2,2.6,"20.65",19
0.9,-0.9,2,2.8,"20.43",14
0.9,-0.9,2,3,"18.66",12
0.9,-0.9,2.5,0.6,"35.53",160
0.9,-0.9,2.5,0.8,"49.08",131
0.9,-0.9,2.5,1,"49.44",97
0.9,-0.9,2.5,1.2,"36.45",64
0.9,-0.9,2.5,1.4,"43.00",61
0.9,-0.9,2.5,1.6,"18.58",30
0.9,-0.9,2.5,1.8,"23.67",27
0.9,-0.9,2.5,2,"19.62",22
0.9,-0.9,2.5,2.2,"20.90",22
0.9,-0.9,2.5,2.4,"14.89",12
0.9,-0.9,2.5,2.6,"20.49",17
0.9,-0.9,2.5,2.8,"18.48",13
0.9,-0.9,2.5,3,"18.28",12
0.9,-0.9,3,0.6,"50.93",194
0.9,-0.9,3,0.8,"47.17",132
0.9,-0.9,3,1,"46.85",97
0.9,-0.9,3,1.2,"45.78",74
0.9,-0.9,3,1.4,"46.33",62
0.9,-0.9,3,1.6,"40.24",48
0.9,-0.9,3,1.8,"33.43",35
0.9,-0.9,3,2,"28.01",27
0.9,-0.9,3,2.2,"19.38",19
0.9,-0.9,3,2.4,"19.33",15
0.9,-0.9,3,2.6,"16.13",13
0.9,-0.9,3,2.8,"19.00",18
0.9,-0.9,3,3,"16.90",12
1.2,-1.2,1,0.6,"51.93",151
1.2,-1.2,1,0.8,"46.32",109
1.2,-1.2,1,1,"41.27",81
1.2,-1.2,1,1.2,"35.98",59
1.2,-1.2,1,1.4,"23.65",37
1.2,-1.2,1,1.6,"22.91",30
1.2,-1.2,1,1.8,"18.99",25
1.2,-1.2,1,2,"20.89",24
1.2,-1.2,1,2.2,"18.88",23
1.2,-1.2,1,2.4,"18.50",16
1.2,-1.2,1,2.6,"15.39",9
1.2,-1.2,1,2.8,"16.85",9
1.2,-1.2,1,3,"16.72",8
1.2,-1.2,1.5,0.6,"55.55",168
1.2,-1.2,1.5,0.8,"47.34",117
1.2,-1.2,1.5,1,"40.82",86
1.2,-1.2,1.5,1.2,"41.49",68
1.2,-1.2,1.5,1.4,"28.64",40
1.2,-1.2,1.5,1.6,"21.47",32
1.2,-1.2,1.5,1.8,"22.59",27
1.2,-1.2,1.5,2,"18.49",23
1.2,-1.2,1.5,2.2,"19.20",22
1.2,-1.2,1.5,2.4,"19.26",20
1.2,-1.2,1.5,2.6,"17.82",11
1.2,-1.2,1.5,2.8,"20.16",13
1.2,-1.2,1.5,3,"17.42",11
1.2,-1.2,2,0.6,"57.54",186
1.2,-1.2,2,0.8,"60.67",143
1.2,-1.2,2,1,"41.91",87
1.2,-1.2,2,1.2,"41.40",72
1.2,-1.2,2,1.4,"37.89",52
1.2,-1.2,2,1.6,"28.38",36
1.2,-1.2,2,1.8,"23.10",28
1.2,-1.2,2,2,"22.47",23
1.2,-1.2,2,2.2,"18.00",20
1.2,-1.2,2,2.4,"18.16",13
1.2,-1.2,2,2.6,"19.75",17
1.2,-1.2,2,2.8,"20.81",14
1.2,-1.2,2,3,"18.99",12
1.2,-1.2,2.5,0.6,"53.72",188
1.2,-1.2,2.5,0.8,"49.82",131
1.2,-1.2,2.5,1,"51.91",100
1.2,-1.2,2.5,1.2,"36.42",69
1.2,-1.2,2.5,1.4,"45.31",63
1.2,-1.2,2.5,1.6,"21.30",33
1.2,-1.2,2.5,1.8,"22.80",27
1.2,-1.2,2.5,2,"19.38",22
1.2,-1.2,2.5,2.2,"22.92",26
1.2,-1.2,2.5,2.4,"19.11",20
1.2,-1.2,2.5,2.6,"20.65",17
1.2,-1.2,2.5,2.8,"18.87",13
1.2,-1.2,2.5,3,"19.66",13
1.2,-1.2,3,0.6,"47.90",190
1.2,-1.2,3,0.8,"47.31",133
1.2,-1.2,3,1,"46.52",98
1.2,-1.2,3,1.2,"47.98",79
1.2,-1.2,3,1.4,"47.07",61
1.2,-1.2,3,1.6,"40.65",50
1.2,-1.2,3,1.8,"32.75",33
1.2,-1.2,3,2,"27.92",27
1.2,-1.2,3,2.2,"20.98",21
1.2,-1.2,3,2.4,"19.47",15
1.2,-1.2,3,2.6,"17.03",14
1.2,-1.2,3,2.8,"19.17",14
1.2,-1.2,3,3,"16.82",13
1.5,-1.5,1,0.6,"52.26",149
1.5,-1.5,1,0.8,"51.21",112
1.5,-1.5,1,1,"45.24",84
1.5,-1.5,1,1.2,"39.53",61
1.5,-1.5,1,1.4,"28.40",39
1.5,-1.5,1,1.6,"22.37",28
1.5,-1.5,1,1.8,"24.00",28
1.5,-1.5,1,2,"20.47",22
1.5,-1.5,1,2.2,"22.79",26
1.5,-1.5,1,2.4,"20.39",18
1.5,-1.5,1,2.6,"16.08",14
1.5,-1.5,1,2.8,"15.69",10
1.5,-1.5,1,3,"16.74",10
1.5,-1.5,1.5,0.6,"70.21",190
1.5,-1.5,1.5,0.8,"46.12",113
1.5,-1.5,1.5,1,"45.90",93
1.5,-1.5,1.5,1.2,"41.96",67
1.5,-1.5,1.5,1.4,"34.09",48
1.5,-1.5,1.5,1.6,"27.18",33
1.5,-1.5,1.5,1.8,"24.13",30
1.5,-1.5,1.5,2,"16.69",21
1.5,-1.5,1.5,2.2,"18.47",21
1.5,-1.5,1.5,2.4,"21.01",23
1.5,-1.5,1.5,2.6,"19.29",17
1.5,-1.5,1.5,2.8,"21.25",15
1.5,-1.5,1.5,3,"17.26",12
1.5,-1.5,2,0.6,"62.32",193
1.5,-1.5,2,0.8,"56.65",129
1.5,-1.5,2,1,"50.33",95
1.5,-1.5,2,1.2,"39.61",69
1.5,-1.5,2,1.4,"39.57",52
1.5,-1.5,2,1.6,"28.09",36
1.5,-1.5,2,1.8,"24.81",31
1.5,-1.5,2,2,"21.80",24
1.5,-1.5,2,2.2,"19.03",21
1.5,-1.5,2,2.4,"20.18",17
1.5,-1.5,2,2.6,"18.24",13
1.5,-1.5,2,2.8,"17.77",14
1.5,-1.5,2,3,"18.93",13
1.5,-1.5,2.5,0.6,"51.41",188
1.5,-1.5,2.5,0.8,"50.06",123
1.5,-1.5,2.5,1,"49.56",96
1.5,-1.5,2.5,1.2,"45.60",75
1.5,-1.5,2.5,1.4,"43.87",58
1.5,-1.5,2.5,1.6,"32.93",41
1.5,-1.5,2.5,1.8,"29.79",35
1.5,-1.5,2.5,2,"21.87",26
1.5,-1.5,2.5,2.2,"23.59",25
1.5,-1.5,2.5,2.4,"21.73",18
1.5,-1.5,2.5,2.6,"16.95",14
1.5,-1.5,2.5,2.8,"20.40",15
1.5,-1.5,2.5,3,"18.26",13
1.5,-1.5,3,0.6,"50.84",193
1.5,-1.5,3,0.8,"46.20",127
1.5,-1.5,3,1,"45.67",97
1.5,-1.5,3,1.2,"42.62",73
1.5,-1.5,3,1.4,"48.32",63
1.5,-1.5,3,1.6,"42.20",50
1.5,-1.5,3,1.8,"33.17",35
1.5,-1.5,3,2,"28.08",28
1.5,-1.5,3,2.2,"20.49",22
1.5,-1.5,3,2.4,"21.55",19
1.5,-1.5,3,2.6,"19.65",15
1.5,-1.5,3,2.8,"20.25",15
1.5,-1.5,3,3,"20.37",15
1.8,-1.8,1,0.6,"51.60",152
1.8,-1.8,1,0.8,"48.61",111
1.8,-1.8,1,1,"38.75",75
1.8,-1.8,1,1.2,"39.53",62
1.8,-1.8,1,1.4,"33.82",45
1.8,-1.8,1,1.6,"25.76",30
1.8,-1.8,1,1.8,"23.34",27
1.8,-1.8,1,2,"20.77",23
1.8,-1.8,1,2.2,"21.80",25
1.8,-1.8,1,2.4,"20.17",20
1.8,-1.8,1,2.6,"15.02",14
1.8,-1.8,1,2.8,"14.34",10
1.8,-1.8,1,3,"15.56",10
1.8,-1.8,1.5,0.6,"45.31",160
1.8,-1.8,1.5,0.8,"48.95",116
1.8,-1.8,1.5,1,"42.47",82
1.8,-1.8,1.5,1.2,"38.93",65
1.8,-1.8,1.5,1.4,"36.86",49
1.8,-1.8,1.5,1.6,"28.02",34
1.8,-1.8,1.5,1.8,"26.94",31
1.8,-1.8,1.5,2,"19.04",23
1.8,-1.8,1.5,2.2,"16.50",18
1.8,-1.8,1.5,2.4,"17.85",21
1.8,-1.8,1.5,2.6,"15.05",12
1.8,-1.8,1.5,2.8,"15.00",12
1.8,-1.8,1.5,3,"15.85",10
1.8,-1.8,2,0.6,"57.13",188
1.8,-1.8,2,0.8,"60.55",133
1.8,-1.8,2,1,"50.29",93
1.8,-1.8,2,1.2,"37.06",67
1.8,-1.8,2,1.4,"37.70",54
1.8,-1.8,2,1.6,"26.45",34
1.8,-1.8,2,1.8,"23.04",27
1.8,-1.8,2,2,"23.08",26
1.8,-1.8,2,2.2,"20.77",24
1.8,-1.8,2,2.4,"21.44",20
1.8,-1.8,2,2.6,"16.22",13
1.8,-1.8,2,2.8,"18.10",14
1.8,-1.8,2,3,"18.72",14
1.8,-1.8,2.5,0.6,"48.03",180
1.8,-1.8,2.5,0.8,"43.98",119
1.8,-1.8,2.5,1,"36.44",81
1.8,-1.8,2.5,1.2,"46.28",75
1.8,-1.8,2.5,1.4,"44.05",61
1.8,-1.8,2.5,1.6,"34.49",40
1.8,-1.8,2.5,1.8,"31.11",34
1.8,-1.8,2.5,2,"22.21",26
1.8,-1.8,2.5,2.2,"24.02",27
1.8,-1.8,2.5,2.4,"20.61",20
1.8,-1.8,2.5,2.6,"18.12",14
1.8,-1.8,2.5,2.8,"19.81",15
1.8,-1.8,2.5,3,"20.00",13
1.8,-1.8,3,0.6,"47.97",187
1.8,-1.8,3,0.8,"46.85",131
1.8,-1.8,3,1,"42.44",99
1.8,-1.8,3,1.2,"42.74",74
1.8,-1.8,3,1.4,"41.86",61
1.8,-1.8,3,1.6,"41.36",50
1.8,-1.8,3,1.8,"28.88",33
1.8,-1.8,3,2,"26.65",28
1.8,-1.8,3,2.2,"19.26",23
1.8,-1.8,3,2.4,"21.69",22
1.8,-1.8,3,2.6,"19.03",16
1.8,-1.8,3,2.8,"17.39",14
1.8,-1.8,3,3,"19.90",15
2.1,-2.1,1,0.6,"47.76",151
2.1,-2.1,1,0.8,"50.79",114
2.1,-2.1,1,1,"44.63",83
2.1,-2.1,1,1.2,"38.05",57
2.1,-2.1,1,1.4,"37.30",46
2.1,-2.1,1,1.6,"30.19",34
2.1,-2.1,1,1.8,"22.03",27
2.1,-2.1,1,2,"18.34",23
2.1,-2.1,1,2.2,"18.21",21
2.1,-2.1,1,2.4,"18.34",16
2.1,-2.1,1,2.6,"18.65",15
2.1,-2.1,1,2.8,"18.89",13
2.1,-2.1,1,3,"18.05",12
2.1,-2.1,1.5,0.6,"46.07",168
2.1,-2.1,1.5,0.8,"61.79",130
2.1,-2.1,1.5,1,"45.71",85
2.1,-2.1,1.5,1.2,"39.19",64
2.1,-2.1,1.5,1.4,"37.59",49
2.1,-2.1,1.5,1.6,"33.32",37
2.1,-2.1,1.5,1.8,"29.63",32
2.1,-2.1,1.5,2,"20.37",25
2.1,-2.1,1.5,2.2,"19.16",22
2.1,-2.1,1.5,2.4,"17.17",17
2.1,-2.1,1.5,2.6,"13.78",11
2.1,-2.1,1.5,2.8,"14.20",11
2.1,-2.1,1.5,3,"14.56",10
2.1,-2.1,2,0.6,"54.74",181
2.1,-2.1,2,0.8,"57.03",136
2.1,-2.1,2,1,"45.28",88
2.1,-2.1,2,1.2,"36.29",63
2.1,-2.1,2,1.4,"37.64",51
2.1,-2.1,2,1.6,"35.17",40
2.1,-2.1,2,1.8,"25.29",31
2.1,-2.1,2,2,"21.35",25
2.1,-2.1,2,2.2,"22.13",24
2.1,-2.1,2,2.4,"25.93",22
2.1,-2.1,2,2.6,"20.22",21
2.1,-2.1,2,2.8,"17.79",13
2.1,-2.1,2,3,"16.58",12
2.1,-2.1,2.5,0.6,"53.05",190
2.1,-2.1,2.5,0.8,"42.87",119
2.1,-2.1,2.5,1,"45.23",92
2.1,-2.1,2.5,1.2,"45.95",73
2.1,-2.1,2.5,1.4,"43.67",59
2.1,-2.1,2.5,1.6,"35.96",43
2.1,-2.1,2.5,1.8,"29.06",33
2.1,-2.1,2.5,2,"22.29",26
2.1,-2.1,2.5,2.2,"23.23",25
2.1,-2.1,2.5,2.4,"22.84",22
2.1,-2.1,2.5,2.6,"19.53",15
2.1,-2.1,2.5,2.8,"19.59",14
2.1,-2.1,2.5,3,"20.71",14
2.1,-2.1,3,0.6,"46.04",185
2.1,-2.1,3,0.8,"47.81",134
2.1,-2.1,3,1,"38.48",87
2.1,-2.1,3,1.2,"42.91",73
2.1,-2.1,3,1.4,"43.55",61
2.1,-2.1,3,1.6,"32.57",40
2.1,-2.1,3,1.8,"30.20",35
2.1,-2.1,3,2,"25.92",30
2.1,-2.1,3,2.2,"21.22",24
2.1,-2.1,3,2.4,"21.91",22
2.1,-2.1,3,2.6,"20.39",16
2.1,-2.1,3,2.8,"20.92",19
2.1,-2.1,3,3,"22.23",17
2.4,-2.4,1,0.6,"48.83",151
2.4,-2.4,1,0.8,"44.62",109
2.4,-2.4,1,1,"44.12",82
2.4,-2.4,1,1.2,"43.47",63
2.4,-2.4,1,1.4,"39.05",48
2.4,-2.4,1,1.6,"34.31",36
2.4,-2.4,1,1.8,"19.84",26
2.4,-2.4,1,2,"18.54",22
2.4,-2.4,1,2.2,"16.20",19
2.4,-2.4,1,2.4,"15.93",17
2.4,-2.4,1,2.6,"15.93",14
2.4,-2.4,1,2.8,"12.01",9
2.4,-2.4,1,3,"12.72",9
2.4,-2.4,1.5,0.6,"46.90",165
2.4,-2.4,1.5,0.8,"49.69",124
2.4,-2.4,1.5,1,"41.87",81
2.4,-2.4,1.5,1.2,"40.03",63
2.4,-2.4,1.5,1.4,"38.15",51
2.4,-2.4,1.5,1.6,"33.64",38
2.4,-2.4,1.5,1.8,"27.91",32
2.4,-2.4,1.5,2,"21.56",25
2.4,-2.4,1.5,2.2,"18.24",20
2.4,-2.4,1.5,2.4,"15.76",17
2.4,-2.4,1.5,2.6,"16.49",15
2.4,-2.4,1.5,2.8,"13.19",10
2.4,-2.4,1.5,3,"14.81",10
2.4,-2.4,2,0.6,"53.53",181
2.4,-2.4,2,0.8,"44.46",125
2.4,-2.4,2,1,"49.54",93
2.4,-2.4,2,1.2,"34.75",60
2.4,-2.4,2,1.4,"36.14",49
2.4,-2.4,2,1.6,"37.42",43
2.4,-2.4,2,1.8,"26.10",32
2.4,-2.4,2,2,"23.62",26
2.4,-2.4,2,2.2,"22.12",23
2.4,-2.4,2,2.4,"25.48",23
2.4,-2.4,2,2.6,"18.29",16
2.4,-2.4,2,2.8,"16.28",11
2.4,-2.4,2,3,"16.86",11
2.4,-2.4,2.5,0.6,"56.08",202
2.4,-2.4,2.5,0.8,"49.48",136
2.4,-2.4,2.5,1,"48.76",98
2.4,-2.4,2.5,1.2,"48.90",77
2.4,-2.4,2.5,1.4,"41.40",55
2.4,-2.4,2.5,1.6,"33.90",41
2.4,-2.4,2.5,1.8,"29.51",33
2.4,-2.4,2.5,2,"22.31",26
2.4,-2.4,2.5,2.2,"24.34",25
2.4,-2.4,2.5,2.4,"22.27",21
2.4,-2.4,2.5,2.6,"22.65",21
2.4,-2.4,2.5,2.8,"15.50",11
2.4,-2.4,2.5,3,"16.47",11
2.4,-2.4,3,0.6,"47.98",193
2.4,-2.4,3,0.8,"47.96",138
2.4,-2.4,3,1,"43.40",97
2.4,-2.4,3,1.2,"43.31",75
2.4,-2.4,3,1.4,"40.43",58
2.4,-2.4,3,1.6,"33.95",45
2.4,-2.4,3,1.8,"25.32",32
2.4,-2.4,3,2,"21.87",27
2.4,-2.4,3,2.2,"20.53",23
2.4,-2.4,3,2.4,"21.07",22
2.4,-2.4,3,2.6,"19.79",18
2.4,-2.4,3,2.8,"18.02",13
2.4,-2.4,3,3,"18.80",13
2.7,-2.7,1,0.6,"44.31",146
2.7,-2.7,1,0.8,"41.06",105
2.7,-2.7,1,1,"44.55",82
2.7,-2.7,1,1.2,"41.44",62
2.7,-2.7,1,1.4,"38.51",50
2.7,-2.7,1,1.6,"32.64",35
2.7,-2.7,1,1.8,"24.42",28
2.7,-2.7,1,2,"18.29",22
2.7,-2.7,1,2.2,"18.38",20
2.7,-2.7,1,2.4,"16.34",16
2.7,-2.7,1,2.6,"15.54",13
2.7,-2.7,1,2.8,"12.61",8
2.7,-2.7,1,3,"13.26",8
2.7,-2.7,1.5,0.6,"40.68",151
2.7,-2.7,1.5,0.8,"44.43",117
2.7,-2.7,1.5,1,"55.71",98
2.7,-2.7,1.5,1.2,"44.73",65
2.7,-2.7,1.5,1.4,"34.68",47
2.7,-2.7,1.5,1.6,"34.48",39
2.7,-2.7,1.5,1.8,"27.81",30
2.7,-2.7,1.5,2,"23.41",25
2.7,-2.7,1.5,2.2,"17.36",20
2.7,-2.7,1.5,2.4,"16.18",17
2.7,-2.7,1.5,2.6,"17.12",14
2.7,-2.7,1.5,2.8,"14.03",9
2.7,-2.7,1.5,3,"14.02",9
2.7,-2.7,2,0.6,"56.49",188
2.7,-2.7,2,0.8,"57.27",138
2.7,-2.7,2,1,"51.69",99
2.7,-2.7,2,1.2,"46.76",71
2.7,-2.7,2,1.4,"38.59",51
2.7,-2.7,2,1.6,"37.89",42
2.7,-2.7,2,1.8,"33.24",36
2.7,-2.7,2,2,"26.75",26
2.7,-2.7,2,2.2,"23.15",21
2.7,-2.7,2,2.4,"23.09",20
2.7,-2.7,2,2.6,"23.49",21
2.7,-2.7,2,2.8,"17.52",11
2.7,-2.7,2,3,"16.25",10
2.7,-2.7,2.5,0.6,"49.44",184
2.7,-2.7,2.5,0.8,"49.50",139
2.7,-2.7,2.5,1,"49.77",106
2.7,-2.7,2.5,1.2,"44.83",76
2.7,-2.7,2.5,1.4,"45.34",61
2.7,-2.7,2.5,1.6,"32.31",39
2.7,-2.7,2.5,1.8,"34.88",39
2.7,-2.7,2.5,2,"29.73",29
2.7,-2.7,2.5,2.2,"23.70",23
2.7,-2.7,2.5,2.4,"21.96",20
2.7,-2.7,2.5,2.6,"24.72",22
2.7,-2.7,2.5,2.8,"16.82",11
2.7,-2.7,2.5,3,"17.20",11
2.7,-2.7,3,0.6,"39.20",175
2.7,-2.7,3,0.8,"48.11",140
2.7,-2.7,3,1,"41.84",101
2.7,-2.7,3,1.2,"40.64",75
2.7,-2.7,3,1.4,"41.36",59
2.7,-2.7,3,1.6,"34.89",45
2.7,-2.7,3,1.8,"27.63",35
2.7,-2.7,3,2,"22.90",26
2.7,-2.7,3,2.2,"20.97",22
2.7,-2.7,3,2.4,"19.65",19
2.7,-2.7,3,2.6,"19.80",17
2.7,-2.7,3,2.8,"19.93",13
2.7,-2.7,3,3,"19.31",12
3,-3,1,0.6,"44.70",130
3,-3,1,0.8,"40.72",92
3,-3,1,1,"41.95",72
3,-3,1,1.2,"39.65",56
3,-3,1,1.4,"36.77",44
3,-3,1,1.6,"36.34",39
3,-3,1,1.8,"25.43",28
3,-3,1,2,"21.28",24
3,-3,1,2.2,"16.75",18
3,-3,1,2.4,"15.16",15
3,-3,1,2.6,"14.83",15
3,-3,1,2.8,"15.67",12
3,-3,1,3,"13.85",9
3,-3,1.5,0.6,"51.25",159
3,-3,1.5,0.8,"51.97",119
3,-3,1.5,1,"52.99",88
3,-3,1.5,1.2,"40.25",61
3,-3,1.5,1.4,"37.72",45
3,-3,1.5,1.6,"34.07",39
3,-3,1.5,1.8,"35.09",35
3,-3,1.5,2,"29.35",29
3,-3,1.5,2.2,"23.67",23
3,-3,1.5,2.4,"22.72",19
3,-3,1.5,2.6,"20.63",18
3,-3,1.5,2.8,"16.04",12
3,-3,1.5,3,"15.96",10
3,-3,2,0.6,"51.69",165
3,-3,2,0.8,"54.44",128
3,-3,2,1,"44.28",87
3,-3,2,1.2,"50.65",74
3,-3,2,1.4,"36.20",47
3,-3,2,1.6,"35.25",39
3,-3,2,1.8,"35.88",38
3,-3,2,2,"27.01",29
3,-3,2,2.2,"28.25",27
3,-3,2,2.4,"25.39",22
3,-3,2,2.6,"25.19",21
3,-3,2,2.8,"18.92",12
3,-3,2,3,"14.53",10
3,-3,2.5,0.6,"46.13",169
3,-3,2.5,0.8,"47.24",124
3,-3,2.5,1,"46.65",92
3,-3,2.5,1.2,"43.71",70
3,-3,2.5,1.4,"40.37",54
3,-3,2.5,1.6,"30.39",38
3,-3,2.5,1.8,"30.24",35
3,-3,2.5,2,"30.33",29
3,-3,2.5,2.2,"25.91",24
3,-3,2.5,2.4,"21.80",20
3,-3,2.5,2.6,"22.65",20
3,-3,2.5,2.8,"23.27",19
3,-3,2.5,3,"20.06",13
3,-3,3,0.6,"39.64",160
3,-3,3,0.8,"43.63",124
3,-3,3,1,"42.93",94
3,-3,3,1.2,"42.43",73
3,-3,3,1.4,"41.33",58
3,-3,3,1.6,"34.62",46
3,-3,3,1.8,"26.61",34
3,-3,3,2,"24.67",28
3,-3,3,2.2,"22.64",25
3,-3,3,2.4,"20.33",21
3,-3,3,2.6,"19.38",19
3,-3,3,2.8,"17.70",13
3,-3,3,3,"19.11",14
3.3,-3.3,1,0.6,"45.20",129
3.3,-3.3,1,0.8,"46.29",94
3.3,-3.3,1,1,"42.01",73
3.3,-3.3,1,1.2,"43.96",58
3.3,-3.3,1,1.4,"41.26",47
3.3,-3.3,1,1.6,"36.95",37
3.3,-3.3,1,1.8,"28.08",28
3.3,-3.3,1,2,"17.08",19
3.3,-3.3,1,2.2,"17.03",17
3.3,-3.3,1,2.4,"15.38",12
3.3,-3.3,1,2.6,"13.65",10
3.3,-3.3,1,2.8,"15.03",10
3.3,-3.3,1,3,"15.37",9
3.3,-3.3,1.5,0.6,"59.55",164
3.3,-3.3,1.5,0.8,"55.35",114
3.3,-3.3,1.5,1,"56.18",92
3.3,-3.3,1.5,1.2,"44.03",64
3.3,-3.3,1.5,1.4,"40.68",50
3.3,-3.3,1.5,1.6,"40.92",41
3.3,-3.3,1.5,1.8,"34.13",33
3.3,-3.3,1.5,2,"28.98",26
3.3,-3.3,1.5,2.2,"25.52",22
3.3,-3.3,1.5,2.4,"22.58",16
3.3,-3.3,1.5,2.6,"17.48",13
3.3,-3.3,1.5,2.8,"15.83",11
3.3,-3.3,1.5,3,"16.31",10
3.3,-3.3,2,0.6,"53.33",168
3.3,-3.3,2,0.8,"55.03",123
3.3,-3.3,2,1,"52.71",96
3.3,-3.3,2,1.2,"52.03",74
3.3,-3.3,2,1.4,"39.29",51
3.3,-3.3,2,1.6,"33.15",38
3.3,-3.3,2,1.8,"34.93",33
3.3,-3.3,2,2,"31.82",29
3.3,-3.3,2,2.2,"24.77",23
3.3,-3.3,2,2.4,"26.17",20
3.3,-3.3,2,2.6,"24.62",17
3.3,-3.3,2,2.8,"20.08",14
3.3,-3.3,2,3,"13.30",10
3.3,-3.3,2.5,0.6,"45.80",168
3.3,-3.3,2.5,0.8,"46.20",120
3.3,-3.3,2.5,1,"50.41",101
3.3,-3.3,2.5,1.2,"44.91",75
3.3,-3.3,2.5,1.4,"49.38",64
3.3,-3.3,2.5,1.6,"41.64",49
3.3,-3.3,2.5,1.8,"30.42",32
3.3,-3.3,2.5,2,"32.32",28
3.3,-3.3,2.5,2.2,"33.57",27
3.3,-3.3,2.5,2.4,"21.00",18
3.3,-3.3,2.5,2.6,"21.35",16
3.3,-3.3,2.5,2.8,"22.02",16
3.3,-3.3,2.5,3,"19.88",13
3.3,-3.3,3,0.6,"45.55",174
3.3,-3.3,3,0.8,"41.66",124
3.3,-3.3,3,1,"43.41",99
3.3,-3.3,3,1.2,"40.74",76
3.3,-3.3,3,1.4,"40.44",61
3.3,-3.3,3,1.6,"39.79",49
3.3,-3.3,3,1.8,"37.92",41
3.3,-3.3,3,2,"26.77",26
3.3,-3.3,3,2.2,"29.26",27
3.3,-3.3,3,2.4,"23.30",20
3.3,-3.3,3,2.6,"20.27",17
3.3,-3.3,3,2.8,"20.14",15
3.3,-3.3,3,3,"18.13",13
3.6,-3.6,1,0.6,"46.92",136
3.6,-3.6,1,0.8,"45.52",95
3.6,-3.6,1,1,"46.53",78
3.6,-3.6,1,1.2,"39.82",59
3.6,-3.6,1,1.4,"39.63",46
3.6,-3.6,1,1.6,"36.74",35
3.6,-3.6,1,1.8,"37.65",32
3.6,-3.6,1,2,"29.38",24
3.6,-3.6,1,2.2,"25.39",21
3.6,-3.6,1,2.4,"15.43",12
3.6,-3.6,1,2.6,"16.57",10
3.6,-3.6,1,2.8,"14.66",9
3.6,-3.6,1,3,"15.96",9
3.6,-3.6,1.5,0.6,"56.70",155
3.6,-3.6,1.5,0.8,"59.98",122
3.6,-3.6,1.5,1,"52.75",92
3.6,-3.6,1.5,1.2,"41.36",63
3.6,-3.6,1.5,1.4,"40.68",50
3.6,-3.6,1.5,1.6,"40.06",40
3.6,-3.6,1.5,1.8,"35.12",33
3.6,-3.6,1.5,2,"32.91",28
3.6,-3.6,1.5,2.2,"29.59",24
3.6,-3.6,1.5,2.4,"27.53",20
3.6,-3.6,1.5,2.6,"18.26",13
3.6,-3.6,1.5,2.8,"17.13",12
3.6,-3.6,1.5,3,"15.32",10
3.6,-3.6,2,0.6,"53.61",169
3.6,-3.6,2,0.8,"56.15",129
3.6,-3.6,2,1,"53.97",101
3.6,-3.6,2,1.2,"50.10",77
3.6,-3.6,2,1.4,"48.76",62
3.6,-3.6,2,1.6,"35.16",40
3.6,-3.6,2,1.8,"33.18",32
3.6,-3.6,2,2,"34.72",29
3.6,-3.6,2,2.2,"26.92",22
3.6,-3.6,2,2.4,"25.65",20
3.6,-3.6,2,2.6,"21.61",15
3.6,-3.6,2,2.8,"23.22",15
3.6,-3.6,2,3,"23.72",13
3.6,-3.6,2.5,0.6,"47.33",167
3.6,-3.6,2.5,0.8,"51.08",130
3.6,-3.6,2.5,1,"52.12",102
3.6,-3.6,2.5,1.2,"47.92",80
3.6,-3.6,2.5,1.4,"47.30",64
3.6,-3.6,2.5,1.6,"32.35",42
3.6,-3.6,2.5,1.8,"28.20",31
3.6,-3.6,2.5,2,"29.44",28
3.6,-3.6,2.5,2.2,"28.54",24
3.6,-3.6,2.5,2.4,"26.91",22
3.6,-3.6,2.5,2.6,"18.69",15
3.6,-3.6,2.5,2.8,"19.04",14
3.6,-3.6,2.5,3,"20.17",13
3.6,-3.6,3,0.6,"43.10",167
3.6,-3.6,3,0.8,"43.20",130
3.6,-3.6,3,1,"46.64",100
3.6,-3.6,3,1.2,"44.17",80
3.6,-3.6,3,1.4,"38.99",63
3.6,-3.6,3,1.6,"39.40",49
3.6,-3.6,3,1.8,"42.41",44
3.6,-3.6,3,2,"37.86",37
3.6,-3.6,3,2.2,"29.73",25
3.6,-3.6,3,2.4,"23.50",20
3.6,-3.6,3,2.6,"24.14",18
3.6,-3.6,3,2.8,"22.25",16
3.6,-3.6,3,3,"21.32",14
3.9,-3.9,1,0.6,"59.58",146
3.9,-3.9,1,0.8,"46.33",93
3.9,-3.9,1,1,"46.54",73
3.9,-3.9,1,1.2,"46.36",61
3.9,-3.9,1,1.4,"42.05",49
3.9,-3.9,1,1.6,"35.29",36
3.9,-3.9,1,1.8,"35.59",30
3.9,-3.9,1,2,"35.39",24
3.9,-3.9,1,2.2,"30.31",21
3.9,-3.9,1,2.4,"16.76",13
3.9,-3.9,1,2.6,"16.25",11
3.9,-3.9,1,2.8,"15.57",9
3.9,-3.9,1,3,"13.58",8
3.9,-3.9,1.5,0.6,"51.76",144
3.9,-3.9,1.5,0.8,"61.60",115
3.9,-3.9,1.5,1,"57.90",91
3.9,-3.9,1.5,1.2,"56.68",72
3.9,-3.9,1.5,1.4,"41.92",53
3.9,-3.9,1.5,1.6,"38.20",41
3.9,-3.9,1.5,1.8,"36.29",32
3.9,-3.9,1.5,2,"32.13",26
3.9,-3.9,1.5,2.2,"27.71",22
3.9,-3.9,1.5,2.4,"26.39",18
3.9,-3.9,1.5,2.6,"21.88",14
3.9,-3.9,1.5,2.8,"20.33",12
3.9,-3.9,1.5,3,"15.42",9
3.9,-3.9,2,0.6,"49.55",152
3.9,-3.9,2,0.8,"53.15",122
3.9,-3.9,2,1,"53.60",97
3.9,-3.9,2,1.2,"52.07",73
3.9,-3.9,2,1.4,"47.69",62
3.9,-3.9,2,1.6,"35.33",43
3.9,-3.9,2,1.8,"33.83",33
3.9,-3.9,2,2,"32.68",27
3.9,-3.9,2,2.2,"27.27",21
3.9,-3.9,2,2.4,"23.56",16
3.9,-3.9,2,2.6,"22.66",15
3.9,-3.9,2,2.8,"21.53",13
3.9,-3.9,2,3,"22.54",13
3.9,-3.9,2.5,0.6,"43.62",154
3.9,-3.9,2.5,0.8,"48.26",120
3.9,-3.9,2.5,1,"49.10",97
3.9,-3.9,2.5,1.2,"48.11",76
3.9,-3.9,2.5,1.4,"48.46",65
3.9,-3.9,2.5,1.6,"33.32",42
3.9,-3.9,2.5,1.8,"28.27",31
3.9,-3.9,2.5,2,"29.04",27
3.9,-3.9,2.5,2.2,"30.64",24
3.9,-3.9,2.5,2.4,"21.42",17
3.9,-3.9,2.5,2.6,"21.52",16
3.9,-3.9,2.5,2.8,"20.23",14
3.9,-3.9,2.5,3,"20.03",12
3.9,-3.9,3,0.6,"42.23",161
3.9,-3.9,3,0.8,"45.88",123
3.9,-3.9,3,1,"46.79",98
3.9,-3.9,3,1.2,"43.85",76
3.9,-3.9,3,1.4,"40.59",65
3.9,-3.9,3,1.6,"41.76",53
3.9,-3.9,3,1.8,"42.40",44
3.9,-3.9,3,2,"39.34",37
3.9,-3.9,3,2.2,"28.65",23
3.9,-3.9,3,2.4,"28.93",23
3.9,-3.9,3,2.6,"25.12",19
3.9,-3.9,3,2.8,"20.98",15
3.9,-3.9,3,3,"21.42",13
4.2,-4.2,1,0.6,"60.18",144
4.2,-4.2,1,0.8,"58.39",97
4.2,-4.2,1,1,"45.45",68
4.2,-4.2,1,1.2,"44.38",54
4.2,-4.2,1,1.4,"45.89",48
4.2,-4.2,1,1.6,"37.75",35
4.2,-4.2,1,1.8,"33.30",29
4.2,-4.2,1,2,"35.72",27
4.2,-4.2,1,2.2,"35.82",23
4.2,-4.2,1,2.4,"20.66",14
4.2,-4.2,1,2.6,"14.83",10
4.2,-4.2,1,2.8,"15.19",9
4.2,-4.2,1,3,"12.65",7
4.2,-4.2,1.5,0.6,"55.02",149
4.2,-4.2,1.5,0.8,"56.90",107
4.2,-4.2,1.5,1,"57.42",83
4.2,-4.2,1.5,1.2,"50.05",68
4.2,-4.2,1.5,1.4,"42.94",51
4.2,-4.2,1.5,1.6,"39.72",40
4.2,-4.2,1.5,1.8,"34.70",31
4.2,-4.2,1.5,2,"32.59",26
4.2,-4.2,1.5,2.2,"29.95",22
4.2,-4.2,1.5,2.4,"25.48",17
4.2,-4.2,1.5,2.6,"21.27",13
4.2,-4.2,1.5,2.8,"19.70",11
4.2,-4.2,1.5,3,"15.62",9
4.2,-4.2,2,0.6,"51.10",153
4.2,-4.2,2,0.8,"52.87",113
4.2,-4.2,2,1,"52.02",88
4.2,-4.2,2,1.2,"54.22",77
4.2,-4.2,2,1.4,"50.40",61
4.2,-4.2,2,1.6,"33.38",39
4.2,-4.2,2,1.8,"30.11",32
4.2,-4.2,2,2,"31.61",28
4.2,-4.2,2,2.2,"29.40",23
4.2,-4.2,2,2.4,"24.76",16
4.2,-4.2,2,2.6,"21.94",13
4.2,-4.2,2,2.8,"20.93",12
4.2,-4.2,2,3,"21.65",12
4.2,-4.2,2.5,0.6,"44.46",155
4.2,-4.2,2.5,0.8,"49.70",115
4.2,-4.2,2.5,1,"49.04",91
4.2,-4.2,2.5,1.2,"43.34",75
4.2,-4.2,2.5,1.4,"43.38",60
4.2,-4.2,2.5,1.6,"43.40",50
4.2,-4.2,2.5,1.8,"30.99",33
4.2,-4.2,2.5,2,"28.73",27
4.2,-4.2,2.5,2.2,"29.50",24
4.2,-4.2,2.5,2.4,"25.03",19
4.2,-4.2,2.5,2.6,"22.31",15
4.2,-4.2,2.5,2.8,"21.16",14
4.2,-4.2,2.5,3,"19.97",12
4.2,-4.2,3,0.6,"44.38",160
4.2,-4.2,3,0.8,"41.46",108
4.2,-4.2,3,1,"43.51",88
4.2,-4.2,3,1.2,"43.41",73
4.2,-4.2,3,1.4,"42.37",63
4.2,-4.2,3,1.6,"40.73",52
4.2,-4.2,3,1.8,"42.51",45
4.2,-4.2,3,2,"40.60",38
4.2,-4.2,3,2.2,"31.43",25
4.2,-4.2,3,2.4,"30.69",21
4.2,-4.2,3,2.6,"24.61",17
4.2,-4.2,3,2.8,"24.56",16
4.2,-4.2,3,3,"21.25",13
4.5,-4.5,1,0.6,"59.14",146
4.5,-4.5,1,0.8,"60.87",106
4.5,-4.5,1,1,"44.26",68
4.5,-4.5,1,1.2,"43.07",55
4.5,-4.5,1,1.4,"43.47",46
4.5,-4.5,1,1.6,"35.10",33
4.5,-4.5,1,1.8,"33.99",28
4.5,-4.5,1,2,"33.86",26
4.5,-4.5,1,2.2,"35.23",23
4.5,-4.5,1,2.4,"30.92",18
4.5,-4.5,1,2.6,"15.25",11
4.5,-4.5,1,2.8,"14.91",9
4.5,-4.5,1,3,"16.29",9
4.5,-4.5,1.5,0.6,"55.61",151
4.5,-4.5,1.5,0.8,"61.35",120
4.5,-4.5,1.5,1,"60.93",91
4.5,-4.5,1.5,1.2,"55.90",73
4.5,-4.5,1.5,1.4,"50.28",59
4.5,-4.5,1.5,1.6,"38.50",38
4.5,-4.5,1.5,1.8,"38.66",34
4.5,-4.5,1.5,2,"36.89",28
4.5,-4.5,1.5,2.2,"30.25",23
4.5,-4.5,1.5,2.4,"28.19",18
4.5,-4.5,1.5,2.6,"25.66",14
4.5,-4.5,1.5,2.8,"21.55",12
4.5,-4.5,1.5,3,"20.57",11
4.5,-4.5,2,0.6,"47.52",153
4.5,-4.5,2,0.8,"47.95",115
4.5,-4.5,2,1,"48.50",88
4.5,-4.5,2,1.2,"51.05",77
4.5,-4.5,2,1.4,"50.53",63
4.5,-4.5,2,1.6,"46.32",53
4.5,-4.5,2,1.8,"32.70",32
4.5,-4.5,2,2,"31.59",28
4.5,-4.5,2,2.2,"33.94",26
4.5,-4.5,2,2.4,"25.91",20
4.5,-4.5,2,2.6,"20.92",14
4.5,-4.5,2,2.8,"22.83",13
4.5,-4.5,2,3,"19.17",11
4.5,-4.5,2.5,0.6,"47.11",164
4.5,-4.5,2.5,0.8,"53.81",131
4.5,-4.5,2.5,1,"49.78",95
4.5,-4.5,2.5,1.2,"46.41",80
4.5,-4.5,2.5,1.4,"45.06",63
4.5,-4.5,2.5,1.6,"43.51",53
4.5,-4.5,2.5,1.8,"44.80",49
4.5,-4.5,2.5,2,"30.61",29
4.5,-4.5,2.5,2.2,"29.54",25
4.5,-4.5,2.5,2.4,"30.89",23
4.5,-4.5,2.5,2.6,"25.46",17
4.5,-4.5,2.5,2.8,"22.05",15
4.5,-4.5,2.5,3,"22.93",13
4.5,-4.5,3,0.6,"39.35",153
4.5,-4.5,3,0.8,"44.98",123
4.5,-4.5,3,1,"43.46",93
4.5,-4.5,3,1.2,"43.92",76
4.5,-4.5,3,1.4,"41.11",63
4.5,-4.5,3,1.6,"38.84",54
4.5,-4.5,3,1.8,"41.70",51
4.5,-4.5,3,2,"30.23",31
4.5,-4.5,3,2.2,"27.51",25
4.5,-4.5,3,2.4,"28.88",23
4.5,-4.5,3,2.6,"28.45",19
4.5,-4.5,3,2.8,"23.43",16
4.5,-4.5,3,3,"21.67",14
4.8,-4.8,1,0.6,"66.15",155
4.8,-4.8,1,0.8,"66.31",120
4.8,-4.8,1,1,"61.60",88
4.8,-4.8,1,1.2,"57.36",70
4.8,-4.8,1,1.4,"46.85",51
4.8,-4.8,1,1.6,"41.43",38
4.8,-4.8,1,1.8,"38.49",31
4.8,-4.8,1,2,"31.74",25
4.8,-4.8,1,2.2,"34.49",23
4.8,-4.8,1,2.4,"32.23",19
4.8,-4.8,1,2.6,"25.17",14
4.8,-4.8,1,2.8,"19.51",11
4.8,-4.8,1,3,"16.78",10
4.8,-4.8,1.5,0.6,"57.31",158
4.8,-4.8,1.5,0.8,"64.05",127
4.8,-4.8,1.5,1,"61.69",97
4.8,-4.8,1.5,1.2,"55.72",74
4.8,-4.8,1.5,1.4,"54.68",65
4.8,-4.8,1.5,1.6,"48.94",52
4.8,-4.8,1.5,1.8,"37.42",34
4.8,-4.8,1.5,2,"37.62",30
4.8,-4.8,1.5,2.2,"34.49",25
4.8,-4.8,1.5,2.4,"27.87",19
4.8,-4.8,1.5,2.6,"24.30",15
4.8,-4.8,1.5,2.8,"25.64",15
4.8,-4.8,1.5,3,"21.30",12
4.8,-4.8,2,0.6,"51.85",162
4.8,-4.8,2,0.8,"55.35",128
4.8,-4.8,2,1,"49.44",93
4.8,-4.8,2,1.2,"55.89",82
4.8,-4.8,2,1.4,"52.62",68
4.8,-4.8,2,1.6,"49.12",55
4.8,-4.8,2,1.8,"46.45",46
4.8,-4.8,2,2,"33.70",30
4.8,-4.8,2,2.2,"35.39",26
4.8,-4.8,2,2.4,"31.76",22
4.8,-4.8,2,2.6,"27.70",17
4.8,-4.8,2,2.8,"24.62",15
4.8,-4.8,2,3,"25.52",14
4.8,-4.8,2.5,0.6,"45.67",159
4.8,-4.8,2.5,0.8,"52.33",132
4.8,-4.8,2.5,1,"47.10",100
4.8,-4.8,2.5,1.2,"48.06",82
4.8,-4.8,2.5,1.4,"46.67",66
4.8,-4.8,2.5,1.6,"42.02",53
4.8,-4.8,2.5,1.8,"41.04",45
4.8,-4.8,2.5,2,"44.09",45
4.8,-4.8,2.5,2.2,"30.27",26
4.8,-4.8,2.5,2.4,"31.43",24
4.8,-4.8,2.5,2.6,"23.05",16
4.8,-4.8,2.5,2.8,"25.56",16
4.8,-4.8,2.5,3,"21.44",14
4.8,-4.8,3,0.6,"41.34",158
4.8,-4.8,3,0.8,"41.70",119
4.8,-4.8,3,1,"43.88",98
4.8,-4.8,3,1.2,"44.39",81
4.8,-4.8,3,1.4,"42.29",69
4.8,-4.8,3,1.6,"42.53",57
4.8,-4.8,3,1.8,"41.13",49
4.8,-4.8,3,2,"39.66",45
4.8,-4.8,3,2.2,"25.62",26
4.8,-4.8,3,2.4,"24.74",22
4.8,-4.8,3,2.6,"27.55",21
4.8,-4.8,3,2.8,"25.81",18
4.8,-4.8,3,3,"21.16",15
5.1,-5.1,1,0.6,"62.49",145
5.1,-5.1,1,0.8,"63.74",113
5.1,-5.1,1,1,"58.88",87
5.1,-5.1,1,1.2,"62.07",71
5.1,-5.1,1,1.4,"44.04",46
5.1,-5.1,1,1.6,"37.81",34
5.1,-5.1,1,1.8,"38.90",29
5.1,-5.1,1,2,"31.52",23
5.1,-5.1,1,2.2,"32.94",21
5.1,-5.1,1,2.4,"29.60",17
5.1,-5.1,1,2.6,"29.40",15
5.1,-5.1,1,2.8,"23.26",12
5.1,-5.1,1,3,"15.09",8
5.1,-5.1,1.5,0.6,"54.64",146
5.1,-5.1,1.5,0.8,"56.52",113
5.1,-5.1,1.5,1,"56.53",90
5.1,-5.1,1.5,1.2,"54.49",72
5.1,-5.1,1.5,1.4,"55.62",63
5.1,-5.1,1.5,1.6,"46.74",50
5.1,-5.1,1.5,1.8,"34.46",30
5.1,-5.1,1.5,2,"34.39",25
5.1,-5.1,1.5,2.2,"31.58",22
5.1,-5.1,1.5,2.4,"28.95",19
5.1,-5.1,1.5,2.6,"25.39",15
5.1,-5.1,1.5,2.8,"24.71",13
5.1,-5.1,1.5,3,"23.40",12
5.1,-5.1,2,0.6,"48.18",150
5.1,-5.1,2,0.8,"51.55",115
5.1,-5.1,2,1,"54.74",97
5.1,-5.1,2,1.2,"55.55",79
5.1,-5.1,2,1.4,"51.39",67
5.1,-5.1,2,1.6,"50.17",53
5.1,-5.1,2,1.8,"46.15",43
5.1,-5.1,2,2,"31.04",26
5.1,-5.1,2,2.2,"33.26",24
5.1,-5.1,2,2.4,"31.71",21
5.1,-5.1,2,2.6,"25.69",15
5.1,-5.1,2,2.8,"23.62",14
5.1,-5.1,2,3,"24.18",13
5.1,-5.1,2.5,0.6,"44.74",150
5.1,-5.1,2.5,0.8,"48.12",118
5.1,-5.1,2.5,1,"47.45",96
5.1,-5.1,2.5,1.2,"46.99",82
5.1,-5.1,2.5,1.4,"43.72",63
5.1,-5.1,2.5,1.6,"41.03",54
5.1,-5.1,2.5,1.8,"38.74",44
5.1,-5.1,2.5,2,"41.10",40
5.1,-5.1,2.5,2.2,"27.76",24
5.1,-5.1,2.5,2.4,"30.60",22
5.1,-5.1,2.5,2.6,"26.89",17
5.1,-5.1,2.5,2.8,"29.01",16
5.1,-5.1,2.5,3,"20.45",12
5.1,-5.1,3,0.6,"39.22",143
5.1,-5.1,3,0.8,"41.30",110
5.1,-5.1,3,1,"43.20",92
5.1,-5.1,3,1.2,"43.82",79
5.1,-5.1,3,1.4,"39.32",63
5.1,-5.1,3,1.6,"40.61",55
5.1,-5.1,3,1.8,"40.53",47
5.1,-5.1,3,2,"40.03",43
5.1,-5.1,3,2.2,"23.79",24
5.1,-5.1,3,2.4,"27.02",22
5.1,-5.1,3,2.6,"27.07",19
5.1,-5.1,3,2.8,"26.40",17
5.1,-5.1,3,3,"24.40",15
5.4,-5.4,1,0.6,"63.54",150
5.4,-5.4,1,0.8,"63.45",113
5.4,-5.4,1,1,"56.88",83
5.4,-5.4,1,1.2,"60.46",70
5.4,-5.4,1,1.4,"44.55",47
5.4,-5.4,1,1.6,"38.67",37
5.4,-5.4,1,1.8,"37.93",28
5.4,-5.4,1,2,"35.69",25
5.4,-5.4,1,2.2,"30.99",19
5.4,-5.4,1,2.4,"27.25",15
5.4,-5.4,1,2.6,"29.30",15
5.4,-5.4,1,2.8,"26.24",13
5.4,-5.4,1,3,"18.50",9
5.4,-5.4,1.5,0.6,"57.08",152
5.4,-5.4,1.5,0.8,"61.07",115
5.4,-5.4,1.5,1,"57.21",91
5.4,-5.4,1.5,1.2,"52.00",70
5.4,-5.4,1.5,1.4,"56.05",64
5.4,-5.4,1.5,1.6,"51.17",53
5.4,-5.4,1.5,1.8,"51.56",43
5.4,-5.4,1.5,2,"34.42",25
5.4,-5.4,1.5,2.2,"31.15",21
5.4,-5.4,1.5,2.4,"32.58",18
5.4,-5.4,1.5,2.6,"25.48",14
5.4,-5.4,1.5,2.8,"24.94",13
5.4,-5.4,1.5,3,"22.64",11
5.4,-5.4,2,0.6,"49.90",153
5.4,-5.4,2,0.8,"52.60",119
5.4,-5.4,2,1,"56.61",100
5.4,-5.4,2,1.2,"55.47",78
5.4,-5.4,2,1.4,"48.53",62
5.4,-5.4,2,1.6,"50.63",57
5.4,-5.4,2,1.8,"43.56",42
5.4,-5.4,2,2,"43.02",38
5.4,-5.4,2,2.2,"43.61",35
5.4,-5.4,2,2.4,"34.30",20
5.4,-5.4,2,2.6,"30.40",17
5.4,-5.4,2,2.8,"28.61",15
5.4,-5.4,2,3,"24.28",12
5.4,-5.4,2.5,0.6,"43.49",150
5.4,-5.4,2.5,0.8,"48.95",118
5.4,-5.4,2.5,1,"51.25",99
5.4,-5.4,2.5,1.2,"47.55",81
5.4,-5.4,2.5,1.4,"43.41",63
5.4,-5.4,2.5,1.6,"44.21",54
5.4,-5.4,2.5,1.8,"41.35",44
5.4,-5.4,2.5,2,"41.02",42
5.4,-5.4,2.5,2.2,"40.02",37
5.4,-5.4,2.5,2.4,"25.04",19
5.4,-5.4,2.5,2.6,"29.76",17
5.4,-5.4,2.5,2.8,"29.33",16
5.4,-5.4,2.5,3,"25.34",13
5.4,-5.4,3,0.6,"36.83",148
5.4,-5.4,3,0.8,"39.32",108
5.4,-5.4,3,1,"43.04",91
5.4,-5.4,3,1.2,"43.16",77
5.4,-5.4,3,1.4,"37.76",62
5.4,-5.4,3,1.6,"36.86",54
5.4,-5.4,3,1.8,"39.82",46
5.4,-5.4,3,2,"39.30",43
5.4,-5.4,3,2.2,"35.79",36
5.4,-5.4,3,2.4,"20.73",18
5.4,-5.4,3,2.6,"24.76",18
5.4,-5.4,3,2.8,"25.01",16
5.4,-5.4,3,3,"25.11",15
5.7,-5.7,1,0.6,"62.48",143
5.7,-5.7,1,0.8,"65.28",110
5.7,-5.7,1,1,"59.58",81
5.7,-5.7,1,1.2,"57.29",67
5.7,-5.7,1,1.4,"62.85",60
5.7,-5.7,1,1.6,"40.12",37
5.7,-5.7,1,1.8,"37.26",27
5.7,-5.7,1,2,"35.35",23
5.7,-5.7,1,2.2,"35.68",21
5.7,-5.7,1,2.4,"28.25",16
5.7,-5.7,1,2.6,"29.52",14
5.7,-5.7,1,2.8,"29.31",13
5.7,-5.7,1,3,"21.86",10
5.7,-5.7,1.5,0.6,"54.39",148
5.7,-5.7,1.5,0.8,"58.33",112
5.7,-5.7,1.5,1,"58.18",88
5.7,-5.7,1.5,1.2,"53.65",68
5.7,-5.7,1.5,1.4,"52.56",58
5.7,-5.7,1.5,1.6,"51.66",51
5.7,-5.7,1.5,1.8,"51.59",43
5.7,-5.7,1.5,2,"34.89",25
5.7,-5.7,1.5,2.2,"36.18",22
5.7,-5.7,1.5,2.4,"34.40",20
5.7,-5.7,1.5,2.6,"24.81",13
5.7,-5.7,1.5,2.8,"24.10",12
5.7,-5.7,1.5,3,"22.07",11
5.7,-5.7,2,0.6,"49.22",150
5.7,-5.7,2,0.8,"53.72",117
5.7,-5.7,2,1,"49.99",88
5.7,-5.7,2,1.2,"52.24",77
5.7,-5.7,2,1.4,"48.80",60
5.7,-5.7,2,1.6,"50.45",55
5.7,-5.7,2,1.8,"47.06",44
5.7,-5.7,2,2,"46.41",39
5.7,-5.7,2,2.2,"44.99",36
5.7,-5.7,2,2.4,"35.16",22
5.7,-5.7,2,2.6,"28.96",16
5.7,-5.7,2,2.8,"30.76",16
5.7,-5.7,2,3,"28.12",14
5.7,-5.7,2.5,0.6,"40.72",142
5.7,-5.7,2.5,0.8,"46.40",117
5.7,-5.7,2.5,1,"46.95",92
5.7,-5.7,2.5,1.2,"47.46",77
5.7,-5.7,2.5,1.4,"47.02",66
5.7,-5.7,2.5,1.6,"42.00",53
5.7,-5.7,2.5,1.8,"40.46",42
5.7,-5.7,2.5,2,"43.26",41
5.7,-5.7,2.5,2.2,"37.61",35
5.7,-5.7,2.5,2.4,"31.22",28
5.7,-5.7,2.5,2.6,"29.22",17
5.7,-5.7,2.5,2.8,"28.66",15
5.7,-5.7,2.5,3,"30.01",15
5.7,-5.7,3,0.6,"36.09",136
5.7,-5.7,3,0.8,"36.75",103
5.7,-5.7,3,1,"39.59",84
5.7,-5.7,3,1.2,"40.39",71
5.7,-5.7,3,1.4,"37.76",61
5.7,-5.7,3,1.6,"37.35",53
5.7,-5.7,3,1.8,"38.53",45
5.7,-5.7,3,2,"37.71",41
5.7,-5.7,3,2.2,"29.75",31
5.7,-5.7,3,2.4,"29.96",27
5.7,-5.7,3,2.6,"24.67",21
5.7,-5.7,3,2.8,"20.43",14
5.7,-5.7,3,3,"19.92",12
6,-6,1,0.6,"65.13",158
6,-6,1,0.8,"68.45",116
6,-6,1,1,"64.61",87
6,-6,1,1.2,"60.10",66
6,-6,1,1.4,"63.44",57
6,-6,1,1.6,"56.33",47
6,-6,1,1.8,"42.40",29
6,-6,1,2,"34.21",21
6,-6,1,2.2,"35.01",19
6,-6,1,2.4,"30.20",16
6,-6,1,2.6,"30.71",15
6,-6,1,2.8,"28.97",12
6,-6,1,3,"30.73",12
6,-6,1.5,0.6,"56.87",159
6,-6,1.5,0.8,"57.27",119
6,-6,1.5,1,"58.96",92
6,-6,1.5,1.2,"56.35",72
6,-6,1.5,1.4,"50.75",59
6,-6,1.5,1.6,"49.81",47
6,-6,1.5,1.8,"49.82",41
6,-6,1.5,2,"48.09",37
6,-6,1.5,2.2,"35.19",22
6,-6,1.5,2.4,"32.07",18
6,-6,1.5,2.6,"25.50",15
6,-6,1.5,2.8,"24.28",12
6,-6,1.5,3,"24.95",11
6,-6,2,0.6,"46.00",151
6,-6,2,0.8,"50.30",117
6,-6,2,1,"50.90",90
6,-6,2,1.2,"52.69",75
6,-6,2,1.4,"43.32",57
6,-6,2,1.6,"44.87",49
6,-6,2,1.8,"42.31",41
6,-6,2,2,"42.70",37
6,-6,2,2.2,"39.76",32
6,-6,2,2.4,"29.79",19
6,-6,2,2.6,"26.70",16
6,-6,2,2.8,"28.10",14
6,-6,2,3,"25.82",12
6,-6,2.5,0.6,"43.57",155
6,-6,2.5,0.8,"40.27",108
6,-6,2.5,1,"43.87",89
6,-6,2.5,1.2,"43.07",71
6,-6,2.5,1.4,"42.92",59
6,-6,2.5,1.6,"40.39",49
6,-6,2.5,1.8,"40.21",43
6,-6,2.5,2,"39.79",39
6,-6,2.5,2.2,"38.42",34
6,-6,2.5,2.4,"36.47",29
6,-6,2.5,2.6,"33.12",24
6,-6,2.5,2.8,"25.76",15
6,-6,2.5,3,"27.20",14
6,-6,3,0.6,"38.58",147
6,-6,3,0.8,"36.76",105
6,-6,3,1,"39.48",83
6,-6,3,1.2,"38.52",68
6,-6,3,1.4,"39.96",60
6,-6,3,1.6,"37.27",50
6,-6,3,1.8,"38.08",45
6,-6,3,2,"38.43",40
6,-6,3,2.2,"33.29",32
6,-6,3,2.4,"34.35",28
6,-6,3,2.6,"33.37",26
6,-6,3,2.8,"23.60",15
6,-6,3,3,"21.23",13
