"cond_open","cond_close","step_entry","profit","deals"
-1.5,0.1,0.1,"53.01",218
-1.5,0.1,0.15,"69.89",216
-1.5,0.1,0.2,"89.47",216
-1.5,0.1,0.25,"102.22",205
-1.5,0.1,0.3,"125.14",205
-1.5,0.2,0.1,"61.99",212
-1.5,0.2,0.15,"84.18",212
-1.5,0.2,0.2,"107.22",207
-1.5,0.2,0.25,"127.46",200
-1.5,0.2,0.3,"158.01",199
-1.5,0.3,0.1,"71.72",200
-1.5,0.3,0.15,"97.91",196
-1.5,0.3,0.2,"122.00",189
-1.5,0.3,0.25,"155.35",188
-1.5,0.3,0.3,"195.98",188
-1.5,0.4,0.1,"81.10",191
-1.5,0.4,0.15,"105.57",184
-1.5,0.4,0.2,"141.12",183
-1.5,0.4,0.25,"184.64",183
-1.5,0.4,0.3,"240.55",183
-1.5,0.5,0.1,"83.78",175
-1.5,0.5,0.15,"121.27",174
-1.5,0.5,0.2,"169.93",177
-1.5,0.5,0.25,"230.69",177
-1.5,0.5,0.3,"297.29",176
-1.5,0.6,0.1,"81.09",163
-1.5,0.6,0.15,"116.97",165
-1.5,0.6,0.2,"162.38",165
-1.5,0.6,0.25,"213.42",165
-1.5,0.6,0.3,"270.70",163
-1.5,0.7,0.1,"75.97",136
-1.5,0.7,0.15,"108.00",136
-1.5,0.7,0.2,"141.70",135
-1.5,0.7,0.25,"180.81",134
-1.5,0.7,0.3,"222.03",132
-1.5,0.8,0.1,"73.04",120
-1.5,0.8,0.15,"98.18",118
-1.5,0.8,0.2,"123.84",116
-1.5,0.8,0.25,"153.15",114
-1.5,0.8,0.3,"179.52",111
-1.5,0.9,0.1,"81.83",117
-1.5,0.9,0.15,"108.39",114
-1.5,0.9,0.2,"139.66",112
-1.5,0.9,0.25,"178.26",112
-1.5,0.9,0.3,"214.05",109
-1.5,1,0.1,"82.07",111
-1.5,1,0.15,"108.64",109
-1.5,1,0.2,"137.63",106
-1.5,1,0.25,"163.90",102
-1.5,1,0.3,"158.92",98
-1.4,0.1,0.1,"53.51",256
-1.4,0.1,0.15,"70.86",255
-1.4,0.1,0.2,"90.81",255
-1.4,0.1,0.25,"104.19",244
-1.4,0.1,0.3,"127.38",244
-1.4,0.2,0.1,"64.63",247
-1.4,0.2,0.15,"90.02",248
-1.4,0.2,0.2,"114.66",244
-1.4,0.2,0.25,"137.70",237
-1.4,0.2,0.3,"173.18",236
-1.4,0.3,0.1,"75.15",230
-1.4,0.3,0.15,"103.58",226
-1.4,0.3,0.2,"130.13",219
-1.4,0.3,0.25,"168.49",218
-1.4,0.3,0.3,"213.92",218
-1.4,0.4,0.1,"85.84",217
-1.4,0.4,0.15,"112.74",210
-1.4,0.4,0.2,"151.85",208
-1.4,0.4,0.25,"200.99",208
-1.4,0.4,0.3,"259.95",208
-1.4,0.5,0.1,"85.77",194
-1.4,0.5,0.15,"127.45",196
-1.4,0.5,0.2,"177.55",196
-1.4,0.5,0.25,"241.06",196
-1.4,0.5,0.3,"311.56",195
-1.4,0.6,0.1,"81.61",175
-1.4,0.6,0.15,"117.32",175
-1.4,0.6,0.2,"160.71",175
-1.4,0.6,0.25,"204.14",172
-1.4,0.6,0.3,"258.84",170
-1.4,0.7,0.1,"74.96",139
-1.4,0.7,0.15,"104.38",139
-1.4,0.7,0.2,"135.37",138
-1.4,0.7,0.25,"171.88",137
-1.4,0.7,0.3,"209.09",135
-1.4,0.8,0.1,"78.51",129
-1.4,0.8,0.15,"107.20",127
-1.4,0.8,0.2,"138.55",125
-1.4,0.8,0.25,"174.05",123
-1.4,0.8,0.3,"214.11",122
-1.4,0.9,0.1,"82.67",125
-1.4,0.9,0.15,"110.00",122
-1.4,0.9,0.2,"142.50",120
-1.4,0.9,0.25,"182.37",120
-1.4,0.9,0.3,"179.53",114
-1.4,1,0.1,"83.75",123
-1.4,1,0.15,"110.55",121
-1.4,1,0.2,"139.63",118
-1.4,1,0.25,"118.57",105
-1.4,1,0.3,"142.83",105
-1.3,0.1,0.1,"59.22",310
-1.3,0.1,0.15,"79.53",309
-1.3,0.1,0.2,"103.01",309
-1.3,0.1,0.25,"120.58",296
-1.3,0.1,0.3,"148.48",296
-1.3,0.2,0.1,"73.55",295
-1.3,0.2,0.15,"104.40",296
-1.3,0.2,0.2,"129.02",284
-1.3,0.2,0.25,"166.70",284
-1.3,0.2,0.3,"213.73",283
-1.3,0.3,0.1,"87.53",267
-1.3,0.3,0.15,"115.04",257
-1.3,0.3,0.2,"157.02",257
-1.3,0.3,0.25,"206.97",256
-1.3,0.3,0.3,"265.39",256
-1.3,0.4,0.1,"100.15",253
-1.3,0.4,0.15,"135.92",246
-1.3,0.4,0.2,"186.46",244
-1.3,0.4,0.25,"252.64",244
-1.3,0.4,0.3,"332.37",243
-1.3,0.5,0.1,"101.53",226
-1.3,0.5,0.15,"153.73",228
-1.3,0.5,0.2,"219.43",228
-1.3,0.5,0.25,"304.04",228
-1.3,0.5,0.3,"406.02",228
-1.3,0.6,0.1,"94.22",205
-1.3,0.6,0.15,"138.37",205
-1.3,0.6,0.2,"192.90",206
-1.3,0.6,0.25,"248.06",202
-1.3,0.6,0.3,"322.25",201
-1.3,0.7,0.1,"80.14",166
-1.3,0.7,0.15,"114.26",167
-1.3,0.7,0.2,"148.42",165
-1.3,0.7,0.25,"186.67",161
-1.3,0.7,0.3,"232.06",160
-1.3,0.8,0.1,"76.88",154
-1.3,0.8,0.15,"104.18",153
-1.3,0.8,0.2,"129.53",148
-1.3,0.8,0.25,"160.64",147
-1.3,0.8,0.3,"197.65",146
-1.3,0.9,0.1,"83.25",156
-1.3,0.9,0.15,"111.15",155
-1.3,0.9,0.2,"137.54",150
-1.3,0.9,0.25,"165.35",146
-1.3,0.9,0.3,"152.30",138
-1.3,1,0.1,"75.91",141
-1.3,1,0.15,"95.75",136
-1.3,1,0.2,"122.59",136
-1.3,1,0.25,"101.88",123
-1.3,1,0.3,"120.72",123
-1.2,0.1,0.1,"66.19",388
-1.2,0.1,0.15,"90.67",385
-1.2,0.1,0.2,"118.52",384
-1.2,0.1,0.25,"138.03",372
-1.2,0.1,0.3,"170.73",372
-1.2,0.2,0.1,"83.53",366
-1.2,0.2,0.15,"118.63",366
-1.2,0.2,0.2,"149.21",354
-1.2,0.2,0.25,"195.02",354
-1.2,0.2,0.3,"248.89",353
-1.2,0.3,0.1,"98.85",326
-1.2,0.3,0.15,"131.91",317
-1.2,0.3,0.2,"182.03",317
-1.2,0.3,0.25,"239.05",315
-1.2,0.3,0.3,"311.13",315
-1.2,0.4,0.1,"116.65",307
-1.2,0.4,0.15,"163.35",300
-1.2,0.4,0.2,"225.67",298
-1.2,0.4,0.25,"310.59",298
-1.2,0.4,0.3,"414.04",296
-1.2,0.5,0.1,"112.52",268
-1.2,0.5,0.15,"171.67",269
-1.2,0.5,0.2,"242.89",269
-1.2,0.5,0.25,"333.10",268
-1.2,0.5,0.3,"431.28",265
-1.2,0.6,0.1,"92.09",234
-1.2,0.6,0.15,"128.60",234
-1.2,0.6,0.2,"167.46",231
-1.2,0.6,0.25,"215.56",230
-1.2,0.6,0.3,"272.03",228
-1.2,0.7,0.1,"70.80",193
-1.2,0.7,0.15,"93.86",191
-1.2,0.7,0.2,"117.85",189
-1.2,0.7,0.25,"144.17",186
-1.2,0.7,0.3,"175.59",186
-1.2,0.8,0.1,"72.92",186
-1.2,0.8,0.15,"92.96",183
-1.2,0.8,0.2,"117.62",181
-1.2,0.8,0.25,"133.91",176
-1.2,0.8,0.3,"154.86",173
-1.2,0.9,0.1,"65.44",168
-1.2,0.9,0.15,"83.11",168
-1.2,0.9,0.2,"96.90",164
-1.2,0.9,0.25,"115.33",163
-1.2,0.9,0.3,"131.48",161
-1.2,1,0.1,"62.42",156
-1.2,1,0.15,"73.90",152
-1.2,1,0.2,"87.69",151
-1.2,1,0.25,"101.75",149
-1.2,1,0.3,"119.70",150
-1.1,0.1,0.1,"79.07",493
-1.1,0.1,0.15,"113.47",490
-1.1,0.1,0.2,"154.97",488
-1.1,0.1,0.25,"192.05",477
-1.1,0.1,0.3,"245.33",477
-1.1,0.2,0.1,"98.31",444
-1.1,0.2,0.15,"145.64",443
-1.1,0.2,0.2,"193.40",437
-1.1,0.2,0.25,"263.25",437
-1.1,0.2,0.3,"347.06",437
-1.1,0.3,0.1,"118.68",399
-1.1,0.3,0.15,"169.60",392
-1.1,0.3,0.2,"246.08",392
-1.1,0.3,0.25,"338.76",390
-1.1,0.3,0.3,"458.94",390
-1.1,0.4,0.1,"123.87",345
-1.1,0.4,0.15,"178.05",338
-1.1,0.4,0.2,"249.87",336
-1.1,0.4,0.25,"348.25",336
-1.1,0.4,0.3,"468.70",335
-1.1,0.5,0.1,"123.87",303
-1.1,0.5,0.15,"187.68",301
-1.1,0.5,0.2,"270.15",301
-1.1,0.5,0.25,"349.86",292
-1.1,0.5,0.3,"477.17",293
-1.1,0.6,0.1,"80.48",239
-1.1,0.6,0.15,"107.23",239
-1.1,0.6,0.2,"136.22",237
-1.1,0.6,0.25,"171.92",237
-1.1,0.6,0.3,"210.04",235
-1.1,0.7,0.1,"63.20",200
-1.1,0.7,0.15,"80.17",199
-1.1,0.7,0.2,"95.32",196
-1.1,0.7,0.25,"113.52",194
-1.1,0.7,0.3,"131.72",193
-1.1,0.8,0.1,"66.86",194
-1.1,0.8,0.15,"80.37",190
-1.1,0.8,0.2,"99.33",190
-1.1,0.8,0.25,"106.29",182
-1.1,0.8,0.3,"115.89",179
-1.1,0.9,0.1,"68.74",181
-1.1,0.9,0.15,"86.98",181
-1.1,0.9,0.2,"101.97",178
-1.1,0.9,0.25,"116.11",175
-1.1,0.9,0.3,"127.55",172
-1.1,1,0.1,"75.67",171
-1.1,1,0.15,"95.04",169
-1.1,1,0.2,"112.17",164
-1.1,1,0.25,"130.63",161
-1.1,1,0.3,"158.83",163
-1,0.1,0.1,"89.77",636
-1,0.1,0.15,"128.39",624
-1,0.1,0.2,"180.40",623
-1,0.1,0.25,"244.74",621
-1,0.1,0.3,"318.29",619
-1,0.2,0.1,"107.15",548
-1,0.2,0.15,"164.05",543
-1,0.2,0.2,"240.57",546
-1,0.2,0.25,"333.50",545
-1,0.2,0.3,"453.86",545
-1,0.3,0.1,"118.94",462
-1,0.3,0.15,"187.85",464
-1,0.3,0.2,"270.51",464
-1,0.3,0.25,"379.31",462
-1,0.3,0.3,"523.61",462
-1,0.4,0.1,"140.90",420
-1,0.4,0.15,"222.24",420
-1,0.4,0.2,"334.77",420
-1,0.4,0.25,"475.71",417
-1,0.4,0.3,"649.13",411
-1,0.5,0.1,"141.10",367
-1,0.5,0.15,"223.74",367
-1,0.5,0.2,"332.06",366
-1,0.5,0.25,"439.32",356
-1,0.5,0.3,"599.35",354
-1,0.6,0.1,"104.56",300
-1,0.6,0.15,"146.77",297
-1,0.6,0.2,"196.02",295
-1,0.6,0.25,"220.19",292
-1,0.6,0.3,"242.42",278
-1,0.7,0.1,"76.11",248
-1,0.7,0.15,"99.27",246
-1,0.7,0.2,"100.95",240
-1,0.7,0.25,"108.01",228
-1,0.7,0.3,"127.20",227
-1,0.8,0.1,"83.55",233
-1,0.8,0.15,"97.67",227
-1,0.8,0.2,"114.51",222
-1,0.8,0.25,"102.42",213
-1,0.8,0.3,"118.60",212
-1,0.9,0.1,"68.40",190
-1,0.9,0.15,"82.42",186
-1,0.9,0.2,"97.37",183
-1,0.9,0.25,"77.22",179
-1,0.9,0.3,"77.58",175
-1,1,0.1,"70.76",179
-1,1,0.15,"91.01",178
-1,1,0.2,"89.09",174
-1,1,0.25,"97.60",170
-1,1,0.3,"115.22",170
-0.9,0.1,0.1,"87.31",778
-0.9,0.1,0.15,"121.09",763
-0.9,0.1,0.2,"159.56",745
-0.9,0.1,0.25,"211.46",743
-0.9,0.1,0.3,"267.85",741
-0.9,0.2,0.1,"95.64",624
-0.9,0.2,0.15,"144.04",624
-0.9,0.2,0.2,"190.23",608
-0.9,0.2,0.25,"257.81",606
-0.9,0.2,0.3,"340.36",606
-0.9,0.3,0.1,"98.51",510
-0.9,0.3,0.15,"145.26",511
-0.9,0.3,0.2,"190.79",502
-0.9,0.3,0.25,"228.33",500
-0.9,0.3,0.3,"298.76",498
-0.9,0.4,0.1,"116.67",447
-0.9,0.4,0.15,"151.11",432
-0.9,0.4,0.2,"214.26",430
-0.9,0.4,0.25,"282.39",426
-0.9,0.4,0.3,"357.17",419
-0.9,0.5,0.1,"116.62",381
-0.9,0.5,0.15,"165.81",372
-0.9,0.5,0.2,"224.95",364
-0.9,0.5,0.25,"276.76",350
-0.9,0.5,0.3,"327.38",341
-0.9,0.6,0.1,"75.30",322
-0.9,0.6,0.15,"106.83",319
-0.9,0.6,0.2,"127.39",306
-0.9,0.6,0.25,"154.12",303
-0.9,0.6,0.3,"183.12",299
-0.9,0.7,0.1,"68.22",268
-0.9,0.7,0.15,"90.39",264
-0.9,0.7,0.2,"99.63",252
-0.9,0.7,0.25,"122.24",251
-0.9,0.7,0.3,"140.15",247
-0.9,0.8,0.1,"69.85",240
-0.9,0.8,0.15,"82.04",228
-0.9,0.8,0.2,"112.89",229
-0.9,0.8,0.25,"98.17",223
-0.9,0.8,0.3,"111.83",220
-0.9,0.9,0.1,"76.63",226
-0.9,0.9,0.15,"99.93",222
-0.9,0.9,0.2,"143.15",221
-0.9,0.9,0.25,"102.52",205
-0.9,0.9,0.3,"97.22",196
-0.9,1,0.1,"89.03",216
-0.9,1,0.15,"138.53",215
-0.9,1,0.2,"161.27",214
-0.9,1,0.25,"176.47",205
-0.9,1,0.3,"198.81",205
-0.8,0.1,0.1,"54.79",951
-0.8,0.1,0.15,"82.45",944
-0.8,0.1,0.2,"83.53",888
-0.8,0.1,0.25,"108.85",886
-0.8,0.1,0.3,"137.28",885
-0.8,0.2,0.1,"66.31",750
-0.8,0.2,0.15,"87.94",749
-0.8,0.2,0.2,"116.17",730
-0.8,0.2,0.25,"159.65",729
-0.8,0.2,0.3,"204.91",726
-0.8,0.3,0.1,"92.35",632
-0.8,0.3,0.15,"131.38",621
-0.8,0.3,0.2,"186.31",619
-0.8,0.3,0.25,"223.54",616
-0.8,0.3,0.3,"294.92",612
-0.8,0.4,0.1,"67.19",480
-0.8,0.4,0.15,"86.18",471
-0.8,0.4,0.2,"115.22",469
-0.8,0.4,0.25,"140.10",463
-0.8,0.4,0.3,"200.18",466
-0.8,0.5,0.1,"66.95",394
-0.8,0.5,0.15,"76.75",378
-0.8,0.5,0.2,"89.09",369
-0.8,0.5,0.25,"105.88",365
-0.8,0.5,0.3,"111.77",356
-0.8,0.6,0.1,"59.89",334
-0.8,0.6,0.15,"80.77",333
-0.8,0.6,0.2,"87.94",320
-0.8,0.6,0.25,"102.14",315
-0.8,0.6,0.3,"128.39",318
-0.8,0.7,0.1,"63.45",306
-0.8,0.7,0.15,"85.59",304
-0.8,0.7,0.2,"102.83",299
-0.8,0.7,0.25,"143.66",299
-0.8,0.7,0.3,"166.24",295
-0.8,0.8,0.1,"50.79",273
-0.8,0.8,0.15,"62.26",265
-0.8,0.8,0.2,"73.84",267
-0.8,0.8,0.25,"91.07",266
-0.8,0.8,0.3,"94.03",260
-0.8,0.9,0.1,"47.74",248
-0.8,0.9,0.15,"50.88",243
-0.8,0.9,0.2,"65.17",235
-0.8,0.9,0.25,"92.84",241
-0.8,0.9,0.3,"56.49",225
-0.8,1,0.1,"62.81",243
-0.8,1,0.15,"101.43",242
-0.8,1,0.2,"137.07",243
-0.8,1,0.25,"105.69",240
-0.8,1,0.3,"79.48",230
-0.7,0.1,0.1,"43.55",1100
-0.7,0.1,0.15,"50.10",1083
-0.7,0.1,0.2,"43.42",1017
-0.7,0.1,0.25,"51.66",1003
-0.7,0.1,0.3,"56.57",986
-0.7,0.2,0.1,"44.55",810
-0.7,0.2,0.15,"55.81",801
-0.7,0.2,0.2,"69.35",781
-0.7,0.2,0.25,"111.79",792
-0.7,0.2,0.3,"145.94",795
-0.7,0.3,0.1,"55.12",679
-0.7,0.3,0.15,"69.22",661
-0.7,0.3,0.2,"105.68",668
-0.7,0.3,0.25,"162.31",677
-0.7,0.3,0.3,"191.12",668
-0.7,0.4,0.1,"42.40",537
-0.7,0.4,0.15,"63.90",534
-0.7,0.4,0.2,"83.86",520
-0.7,0.4,0.25,"80.72",508
-0.7,0.4,0.3,"91.88",501
-0.7,0.5,0.1,"50.64",463
-0.7,0.5,0.15,"67.26",457
-0.7,0.5,0.2,"67.31",433
-0.7,0.5,0.25,"51.91",424
-0.7,0.5,0.3,"69.12",420
-0.7,0.6,0.1,"42.70",407
-0.7,0.6,0.15,"60.89",404
-0.7,0.6,0.2,"80.91",401
-0.7,0.6,0.25,"103.61",399
-0.7,0.6,0.3,"156.69",394
-0.7,0.7,0.1,"56.05",387
-0.7,0.7,0.15,"80.05",386
-0.7,0.7,0.2,"96.11",380
-0.7,0.7,0.25,"103.10",367
-0.7,0.7,0.3,"114.92",357
-0.7,0.8,0.1,"62.42",342
-0.7,0.8,0.15,"71.05",326
-0.7,0.8,0.2,"80.12",320
-0.7,0.8,0.25,"56.31",310
-0.7,0.8,0.3,"97.36",313
-0.7,0.9,0.1,"54.36",295
-0.7,0.9,0.15,"66.81",292
-0.7,0.9,0.2,"65.40",286
-0.7,0.9,0.25,"37.16",275
-0.7,0.9,0.3,"89.40",280
-0.7,1,0.1,"64.96",267
-0.7,1,0.15,"92.91",264
-0.7,1,0.2,"116.50",262
-0.7,1,0.25,"115.42",260
-0.7,1,0.3,"159.21",266
-0.6,0.1,0.1,"27.31",1313
-0.6,0.1,0.15,"35.66",1283
-0.6,0.1,0.2,"11.51",1189
-0.6,0.1,0.25,"0.61",1166
-0.6,0.1,0.3,"-0.76",1148
-0.6,0.2,0.1,"35.24",963
-0.6,0.2,0.15,"29.75",917
-0.6,0.2,0.2,"33.43",900
-0.6,0.2,0.25,"18.16",847
-0.6,0.2,0.3,"24.81",849
-0.6,0.3,0.1,"73.80",821
-0.6,0.3,0.15,"82.47",789
-0.6,0.3,0.2,"92.95",755
-0.6,0.3,0.25,"95.56",768
-0.6,0.3,0.3,"109.13",761
-0.6,0.4,0.1,"49.84",647
-0.6,0.4,0.15,"52.71",617
-0.6,0.4,0.2,"64.39",612
-0.6,0.4,0.25,"44.17",596
-0.6,0.4,0.3,"27.76",582
-0.6,0.5,0.1,"66.02",560
-0.6,0.5,0.15,"52.58",520
-0.6,0.5,0.2,"73.84",519
-0.6,0.5,0.25,"83.19",510
-0.6,0.5,0.3,"93.19",507
-0.6,0.6,0.1,"51.29",483
-0.6,0.6,0.15,"64.96",475
-0.6,0.6,0.2,"77.99",475
-0.6,0.6,0.25,"85.68",459
-0.6,0.6,0.3,"59.49",441
-0.6,0.7,0.1,"53.72",398
-0.6,0.7,0.15,"71.83",396
-0.6,0.7,0.2,"83.79",392
-0.6,0.7,0.25,"94.68",387
-0.6,0.7,0.3,"141.66",386
-0.6,0.8,0.1,"57.99",348
-0.6,0.8,0.15,"82.13",359
-0.6,0.8,0.2,"109.11",356
-0.6,0.8,0.25,"108.18",344
-0.6,0.8,0.3,"170.24",339
-0.6,0.9,0.1,"68.14",322
-0.6,0.9,0.15,"82.62",312
-0.6,0.9,0.2,"127.87",323
-0.6,0.9,0.25,"64.98",315
-0.6,0.9,0.3,"132.16",311
-0.6,1,0.1,"45.38",256
-0.6,1,0.15,"53.08",258
-0.6,1,0.2,"48.79",262
-0.6,1,0.25,"27.68",243
-0.6,1,0.3,"88.12",258
-0.5,0.1,0.1,"21.04",1341
-0.5,0.1,0.15,"-1.75",1280
-0.5,0.1,0.2,"-12.52",1230
-0.5,0.1,0.25,"-13.60",1221
-0.5,0.1,0.3,"-28.46",1183
-0.5,0.2,0.1,"24.23",941
-0.5,0.2,0.15,"21.98",947
-0.5,0.2,0.2,"5.98",861
-0.5,0.2,0.25,"6.59",862
-0.5,0.2,0.3,"4.34",833
-0.5,0.3,0.1,"10.65",761
-0.5,0.3,0.15,"8.51",756
-0.5,0.3,0.2,"20.01",748
-0.5,0.3,0.25,"17.65",734
-0.5,0.3,0.3,"8.86",731
-0.5,0.4,0.1,"-12.02",636
-0.5,0.4,0.15,"-14.67",623
-0.5,0.4,0.2,"-26.99",602
-0.5,0.4,0.25,"-32.74",598
-0.5,0.4,0.3,"-39.18",594
-0.5,0.5,0.1,"14.09",523
-0.5,0.5,0.15,"47.30",540
-0.5,0.5,0.2,"29.74",545
-0.5,0.5,0.25,"38.47",550
-0.5,0.5,0.3,"2.32",511
-0.5,0.6,0.1,"35.89",474
-0.5,0.6,0.15,"53.48",474
-0.5,0.6,0.2,"61.56",452
-0.5,0.6,0.25,"52.68",430
-0.5,0.6,0.3,"40.32",421
-0.5,0.7,0.1,"77.85",440
-0.5,0.7,0.15,"103.85",445
-0.5,0.7,0.2,"137.81",438
-0.5,0.7,0.25,"176.41",431
-0.5,0.7,0.3,"137.45",419
-0.5,0.8,0.1,"17.08",348
-0.5,0.8,0.15,"21.16",351
-0.5,0.8,0.2,"9.06",341
-0.5,0.8,0.25,"6.14",348
-0.5,0.8,0.3,"-27.59",329
-0.5,0.9,0.1,"34.03",308
-0.5,0.9,0.15,"28.75",302
-0.5,0.9,0.2,"25.23",302
-0.5,0.9,0.25,"2.63",298
-0.5,0.9,0.3,"-0.43",292
-0.5,1,0.1,"48.03",278
-0.5,1,0.15,"50.57",285
-0.5,1,0.2,"25.52",266
-0.5,1,0.25,"45.03",282
-0.5,1,0.3,"41.26",274
-0.4,0.1,0.1,"-10.31",1207
-0.4,0.1,0.15,"-27.03",1205
-0.4,0.1,0.2,"-40.36",1200
-0.4,0.1,0.25,"-55.56",1168
-0.4,0.1,0.3,"-57.16",1141
-0.4,0.2,0.1,"-8.69",891
-0.4,0.2,0.15,"-29.25",875
-0.4,0.2,0.2,"-41.91",903
-0.4,0.2,0.25,"-51.74",864
-0.4,0.2,0.3,"-61.16",837
-0.4,0.3,0.1,"8.88",764
-0.4,0.3,0.15,"15.61",777
-0.4,0.3,0.2,"7.14",767
-0.4,0.3,0.25,"-10.91",734
-0.4,0.3,0.3,"-18.14",722
-0.4,0.4,0.1,"18.47",696
-0.4,0.4,0.15,"2.42",666
-0.4,0.4,0.2,"-26.47",633
-0.4,0.4,0.25,"-29.07",618
-0.4,0.4,0.3,"-30.63",616
-0.4,0.5,0.1,"53.86",569
-0.4,0.5,0.15,"53.12",552
-0.4,0.5,0.2,"48.57",549
-0.4,0.5,0.25,"64.53",540
-0.4,0.5,0.3,"73.26",538
-0.4,0.6,0.1,"35.47",476
-0.4,0.6,0.15,"40.25",473
-0.4,0.6,0.2,"32.47",476
-0.4,0.6,0.25,"27.93",465
-0.4,0.6,0.3,"23.37",447
-0.4,0.7,0.1,"44.54",428
-0.4,0.7,0.15,"44.95",434
-0.4,0.7,0.2,"90.35",441
-0.4,0.7,0.25,"89.78",431
-0.4,0.7,0.3,"69.11",421
-0.4,0.8,0.1,"38.13",377
-0.4,0.8,0.15,"48.54",381
-0.4,0.8,0.2,"81.56",384
-0.4,0.8,0.25,"24.98",360
-0.4,0.8,0.3,"-2.10",358
-0.4,0.9,0.1,"57.25",333
-0.4,0.9,0.15,"67.01",327
-0.4,0.9,0.2,"69.07",328
-0.4,0.9,0.25,"34.56",317
-0.4,0.9,0.3,"67.97",310
-0.4,1,0.1,"78.91",326
-0.4,1,0.15,"52.43",311
-0.4,1,0.2,"18.98",295
-0.4,1,0.25,"50.24",289
-0.4,1,0.3,"3.11",286
-0.3,0.1,0.1,"-34.62",1169
-0.3,0.1,0.15,"-52.85",1149
-0.3,0.1,0.2,"-63.34",1125
-0.3,0.1,0.25,"-76.17",1099
-0.3,0.1,0.3,"-86.84",1046
-0.3,0.2,0.1,"-4.45",919
-0.3,0.2,0.15,"-27.80",851
-0.3,0.2,0.2,"-39.80",827
-0.3,0.2,0.25,"-59.50",811
-0.3,0.2,0.3,"-73.55",807
-0.3,0.3,0.1,"-1.06",750
-0.3,0.3,0.15,"-11.61",725
-0.3,0.3,0.2,"-30.33",715
-0.3,0.3,0.25,"-48.19",683
-0.3,0.3,0.3,"-50.81",692
-0.3,0.4,0.1,"4.92",633
-0.3,0.4,0.15,"-23.66",564
-0.3,0.4,0.2,"-39.32",545
-0.3,0.4,0.25,"-50.59",560
-0.3,0.4,0.3,"-57.17",526
-0.3,0.5,0.1,"15.93",540
-0.3,0.5,0.15,"10.18",549
-0.3,0.5,0.2,"-18.71",537
-0.3,0.5,0.25,"-3.50",538
-0.3,0.5,0.3,"-1.18",539
-0.3,0.6,0.1,"19.24",465
-0.3,0.6,0.15,"27.51",455
-0.3,0.6,0.2,"-25.87",446
-0.3,0.6,0.25,"25.12",452
-0.3,0.6,0.3,"-1.21",441
-0.3,0.7,0.1,"44.03",411
-0.3,0.7,0.15,"51.74",412
-0.3,0.7,0.2,"43.54",405
-0.3,0.7,0.25,"36.92",390
-0.3,0.7,0.3,"21.36",379
-0.3,0.8,0.1,"34.93",373
-0.3,0.8,0.15,"-7.76",334
-0.3,0.8,0.2,"-30.95",328
-0.3,0.8,0.25,"-34.92",331
-0.3,0.8,0.3,"-29.03",334
-0.3,0.9,0.1,"2.47",331
-0.3,0.9,0.15,"6.34",338
-0.3,0.9,0.2,"-25.52",316
-0.3,0.9,0.25,"-41.45",314
-0.3,0.9,0.3,"-29.78",317
-0.3,1,0.1,"19.84",280
-0.3,1,0.15,"19.58",295
-0.3,1,0.2,"-13.90",283
-0.3,1,0.25,"-48.19",268
-0.3,1,0.3,"-41.92",258
-0.2,0.1,0.1,"-43.12",1105
-0.2,0.1,0.15,"-58.18",1130
-0.2,0.1,0.2,"-72.12",1104
-0.2,0.1,0.25,"-80.40",1062
-0.2,0.1,0.3,"-83.90",1055
-0.2,0.2,0.1,"-17.55",894
-0.2,0.2,0.15,"-42.90",878
-0.2,0.2,0.2,"-57.69",845
-0.2,0.2,0.25,"-69.29",825
-0.2,0.2,0.3,"-79.76",780
-0.2,0.3,0.1,"-35.78",749
-0.2,0.3,0.15,"-35.60",760
-0.2,0.3,0.2,"-45.59",735
-0.2,0.3,0.25,"-56.75",702
-0.2,0.3,0.3,"-65.83",681
-0.2,0.4,0.1,"-0.20",636
-0.2,0.4,0.15,"-24.78",615
-0.2,0.4,0.2,"-37.71",563
-0.2,0.4,0.25,"-38.05",526
-0.2,0.4,0.3,"-41.69",516
-0.2,0.5,0.1,"15.67",510
-0.2,0.5,0.15,"8.18",479
-0.2,0.5,0.2,"-11.23",470
-0.2,0.5,0.25,"-22.12",468
-0.2,0.5,0.3,"-60.55",467
-0.2,0.6,0.1,"14.90",451
-0.2,0.6,0.15,"-7.04",461
-0.2,0.6,0.2,"-33.71",414
-0.2,0.6,0.25,"-22.69",457
-0.2,0.6,0.3,"-51.49",426
-0.2,0.7,0.1,"35.35",375
-0.2,0.7,0.15,"39.30",367
-0.2,0.7,0.2,"33.19",369
-0.2,0.7,0.25,"-12.00",337
-0.2,0.7,0.3,"-58.15",323
-0.2,0.8,0.1,"31.66",352
-0.2,0.8,0.15,"2.93",335
-0.2,0.8,0.2,"1.79",341
-0.2,0.8,0.25,"-20.04",315
-0.2,0.8,0.3,"-42.05",333
-0.2,0.9,0.1,"39.22",305
-0.2,0.9,0.15,"-13.93",283
-0.2,0.9,0.2,"-32.50",292
-0.2,0.9,0.25,"-39.43",271
-0.2,0.9,0.3,"-44.25",279
-0.2,1,0.1,"29.60",284
-0.2,1,0.15,"6.55",276
-0.2,1,0.2,"16.91",296
-0.2,1,0.25,"-40.29",254
-0.2,1,0.3,"-57.30",248
-0.0999999999999999,0.1,0.1,"-47.97",1092
-0.0999999999999999,0.1,0.15,"-60.90",1058
-0.0999999999999999,0.1,0.2,"-69.47",1022
-0.0999999999999999,0.1,0.25,"-86.56",974
-0.0999999999999999,0.1,0.3,"-89.37",949
-0.0999999999999999,0.2,0.1,"-23.29",830
-0.0999999999999999,0.2,0.15,"-54.71",846
-0.0999999999999999,0.2,0.2,"-51.16",816
-0.0999999999999999,0.2,0.25,"-72.88",799
-0.0999999999999999,0.2,0.3,"-84.47",776
-0.0999999999999999,0.3,0.1,"-33.31",604
-0.0999999999999999,0.3,0.15,"-58.72",562
-0.0999999999999999,0.3,0.2,"-56.79",559
-0.0999999999999999,0.3,0.25,"-70.22",545
-0.0999999999999999,0.3,0.3,"-66.40",566
-0.0999999999999999,0.4,0.1,"26.57",627
-0.0999999999999999,0.4,0.15,"10.14",615
-0.0999999999999999,0.4,0.2,"11.50",581
-0.0999999999999999,0.4,0.25,"-20.58",565
-0.0999999999999999,0.4,0.3,"-18.02",550
-0.0999999999999999,0.5,0.1,"39.18",546
-0.0999999999999999,0.5,0.15,"-1.89",510
-0.0999999999999999,0.5,0.2,"-26.47",474
-0.0999999999999999,0.5,0.25,"-35.23",462
-0.0999999999999999,0.5,0.3,"-41.42",482
-0.0999999999999999,0.6,0.1,"17.43",443
-0.0999999999999999,0.6,0.15,"-19.17",419
-0.0999999999999999,0.6,0.2,"-0.19",426
-0.0999999999999999,0.6,0.25,"9.96",412
-0.0999999999999999,0.6,0.3,"-47.13",393
-0.0999999999999999,0.7,0.1,"17.48",406
-0.0999999999999999,0.7,0.15,"-18.33",377
-0.0999999999999999,0.7,0.2,"-15.02",390
-0.0999999999999999,0.7,0.25,"23.24",369
-0.0999999999999999,0.7,0.3,"-44.01",369
-0.0999999999999999,0.8,0.1,"31.22",327
-0.0999999999999999,0.8,0.15,"10.68",347
-0.0999999999999999,0.8,0.2,"6.29",312
-0.0999999999999999,0.8,0.25,"-25.82",339
-0.0999999999999999,0.8,0.3,"-23.63",308
-0.0999999999999999,0.9,0.1,"37.01",293
-0.0999999999999999,0.9,0.15,"63.85",324
-0.0999999999999999,0.9,0.2,"10.22",310
-0.0999999999999999,0.9,0.25,"-12.27",302
-0.0999999999999999,0.9,0.3,"-9.32",307
-0.0999999999999999,1,0.1,"12.44",280
-0.0999999999999999,1,0.15,"-5.84",277
-0.0999999999999999,1,0.2,"-20.03",268
-0.0999999999999999,1,0.25,"34.25",273
-0.0999999999999999,1,0.3,"8.35",269
0,0.1,0.1,"-54.69",1002
0,0.1,0.15,"-65.55",989
0,0.1,0.2,"-80.50",895
0,0.1,0.25,"-87.37",900
0,0.1,0.3,"-91.57",903
0,0.2,0.1,"-43.81",836
0,0.2,0.15,"-45.23",854
0,0.2,0.2,"-69.52",764
0,0.2,0.25,"-69.14",784
0,0.2,0.3,"-82.21",739
0,0.3,0.1,"-27.55",664
0,0.3,0.15,"-25.22",625
0,0.3,0.2,"-53.77",619
0,0.3,0.25,"-64.52",635
0,0.3,0.3,"-56.17",639
0,0.4,0.1,"24.09",650
0,0.4,0.15,"-17.29",538
0,0.4,0.2,"-46.88",518
0,0.4,0.25,"-24.79",531
0,0.4,0.3,"-54.12",539
0,0.5,0.1,"14.88",521
0,0.5,0.15,"-19.17",429
0,0.5,0.2,"-33.66",469
0,0.5,0.25,"-14.77",473
0,0.5,0.3,"-41.33",488
0,0.6,0.1,"17.99",431
0,0.6,0.15,"-2.07",405
0,0.6,0.2,"-29.55",398
0,0.6,0.25,"-20.93",406
0,0.6,0.3,"-63.91",363
0,0.7,0.1,"41.78",380
0,0.7,0.15,"2.55",380
0,0.7,0.2,"7.45",376
0,0.7,0.25,"7.43",366
0,0.7,0.3,"-48.51",369
0,0.8,0.1,"12.49",327
0,0.8,0.15,"-2.87",334
0,0.8,0.2,"6.76",361
0,0.8,0.25,"-59.01",313
0,0.8,0.3,"-40.07",322
0,0.9,0.1,"25.74",297
0,0.9,0.15,"0.53",288
0,0.9,0.2,"1.46",289
0,0.9,0.25,"-45.56",277
0,0.9,0.3,"-51.10",277
0,1,0.1,"43.68",270
0,1,0.15,"59.83",282
0,1,0.2,"-23.51",255
0,1,0.25,"-29.45",243
0,1,0.3,"-63.11",250
