"lb","ln","profit","deals"
-5,-4.5,"9.75",4
-5,-4.3,"9.91",4
-5,-4.1,"11.87",3
-5,-3.9,"11.87",3
-5,-3.7,"12.72",3
-5,-3.5,"12.72",3
-5,-3.3,"13.03",3
-5,-3.1,"13.03",3
-5,-2.9,"13.03",3
-5,-2.7,"13.03",3
-5,-2.5,"13.03",3
-5,-2.3,"13.03",3
-5,-2.1,"13.27",3
-5,-1.9,"13.27",3
-5,-1.7,"13.27",3
-5,-1.5,"13.78",3
-5,-1.3,"13.78",3
-5,-1.1,"14.10",3
-5,-0.9,"14.10",3
-5,-0.7,"14.10",3
-5,-0.5,"15.82",3
-5,-0.3,"15.54",3
-5,-0.0999999999999996,"15.54",3
-4.8,-4.3,"11.25",6
-4.8,-4.1,"13.25",5
-4.8,-3.9,"13.25",5
-4.8,-3.7,"14.10",5
-4.8,-3.5,"14.10",5
-4.8,-3.3,"14.42",5
-4.8,-3.1,"14.42",5
-4.8,-2.9,"14.42",5
-4.8,-2.7,"14.42",5
-4.8,-2.5,"14.42",5
-4.8,-2.3,"14.42",5
-4.8,-2.1,"14.66",5
-4.8,-1.9,"14.66",5
-4.8,-1.7,"14.66",5
-4.8,-1.5,"15.40",5
-4.8,-1.3,"15.40",5
-4.8,-1.1,"15.72",5
-4.8,-0.899999999999999,"15.72",5
-4.8,-0.7,"15.72",5
-4.8,-0.5,"17.74",5
-4.8,-0.3,"16.43",4
-4.8,-0.0999999999999996,"16.43",4
-4.8,0.100000000000001,"16.55",4
-4.6,-4.1,"16.05",7
-4.6,-3.9,"16.05",7
-4.6,-3.7,"16.93",7
-4.6,-3.5,"16.93",7
-4.6,-3.3,"17.25",7
-4.6,-3.1,"17.25",7
-4.6,-2.9,"17.25",7
-4.6,-2.7,"17.25",7
-4.6,-2.5,"17.25",7
-4.6,-2.3,"17.25",7
-4.6,-2.1,"17.50",7
-4.6,-1.9,"17.50",7
-4.6,-1.7,"17.50",7
-4.6,-1.5,"18.26",7
-4.6,-1.3,"18.51",7
-4.6,-1.1,"18.84",7
-4.6,-0.899999999999999,"18.84",7
-4.6,-0.699999999999999,"18.84",7
-4.6,-0.5,"20.91",7
-4.6,-0.299999999999999,"19.57",6
-4.6,-0.0999999999999996,"19.80",6
-4.6,0.100000000000001,"19.93",6
-4.6,0.300000000000001,"22.68",6
-4.4,-3.9,"16.74",8
-4.4,-3.7,"17.62",8
-4.4,-3.5,"17.62",8
-4.4,-3.3,"17.95",8
-4.4,-3.1,"17.95",8
-4.4,-2.9,"17.95",8
-4.4,-2.7,"17.95",8
-4.4,-2.5,"17.95",8
-4.4,-2.3,"17.95",8
-4.4,-2.1,"17.95",8
-4.4,-1.9,"18.19",8
-4.4,-1.7,"18.19",8
-4.4,-1.5,"18.96",8
-4.4,-1.3,"19.21",8
-4.4,-1.1,"19.54",8
-4.4,-0.9,"19.54",8
-4.4,-0.7,"19.54",8
-4.4,-0.5,"21.63",8
-4.4,-0.3,"20.49",7
-4.4,-0.1,"20.73",7
-4.4,0.0999999999999996,"20.86",7
-4.4,0.3,"23.64",7
-4.4,0.5,"22.70",6
-4.2,-3.7,"10.87",12
-4.2,-3.5,"10.87",12
-4.2,-3.3,"11.17",12
-4.2,-3.1,"11.17",12
-4.2,-2.9,"11.17",12
-4.2,-2.7,"11.17",12
-4.2,-2.5,"11.17",12
-4.2,-2.3,"11.75",12
-4.2,-2.1,"11.98",12
-4.2,-1.9,"11.98",12
-4.2,-1.7,"11.98",12
-4.2,-1.5,"12.84",12
-4.2,-1.3,"13.08",12
-4.2,-1.1,"13.39",12
-4.2,-0.9,"13.39",12
-4.2,-0.7,"13.39",12
-4.2,-0.5,"14.53",12
-4.2,-0.3,"14.14",11
-4.2,-0.1,"14.39",11
-4.2,0.1,"13.66",10
-4.2,0.3,"17.40",10
-4.2,0.5,"16.67",9
-4.2,0.7,"17.68",9
-4,-3.5,"11.57",13
-4,-3.3,"11.88",13
-4,-3.1,"11.88",13
-4,-2.9,"11.88",13
-4,-2.7,"11.88",13
-4,-2.5,"11.88",13
-4,-2.3,"12.46",13
-4,-2.1,"12.70",13
-4,-1.9,"12.70",13
-4,-1.7,"12.70",13
-4,-1.5,"13.55",13
-4,-1.3,"13.80",13
-4,-1.1,"14.11",13
-4,-0.9,"14.11",13
-4,-0.7,"14.11",13
-4,-0.5,"14.53",12
-4,-0.3,"14.14",11
-4,-0.0999999999999996,"14.39",11
-4,0.1,"13.66",10
-4,0.3,"17.40",10
-4,0.5,"16.67",9
-4,0.7,"17.68",9
-4,0.9,"17.81",9
-3.8,-3.3,"13.22",15
-3.8,-3.1,"13.22",15
-3.8,-2.9,"13.22",15
-3.8,-2.7,"13.22",15
-3.8,-2.5,"13.22",15
-3.8,-2.3,"13.80",15
-3.8,-2.1,"14.04",15
-3.8,-1.9,"14.04",15
-3.8,-1.7,"14.04",15
-3.8,-1.5,"14.91",15
-3.8,-1.3,"15.16",15
-3.8,-1.1,"15.48",15
-3.8,-0.899999999999999,"15.48",15
-3.8,-0.7,"15.48",15
-3.8,-0.5,"15.90",14
-3.8,-0.3,"15.50",13
-3.8,-0.0999999999999996,"15.76",13
-3.8,0.100000000000001,"15.88",12
-3.8,0.3,"19.68",12
-3.8,0.5,"19.95",11
-3.8,0.7,"20.98",11
-3.8,0.9,"21.12",11
-3.8,1.1,"21.64",11
-3.6,-3.1,"15.90",20
-3.6,-2.9,"15.90",20
-3.6,-2.7,"15.90",20
-3.6,-2.5,"15.90",20
-3.6,-2.3,"16.50",20
-3.6,-2.1,"16.74",20
-3.6,-1.9,"16.74",20
-3.6,-1.7,"16.74",20
-3.6,-1.5,"17.63",20
-3.6,-1.3,"17.88",20
-3.6,-1.1,"18.21",20
-3.6,-0.899999999999999,"18.21",20
-3.6,-0.699999999999999,"18.21",20
-3.6,-0.5,"18.64",19
-3.6,-0.299999999999999,"19.30",18
-3.6,-0.0999999999999996,"22.57",18
-3.6,0.100000000000001,"23.48",16
-3.6,0.300000000000001,"27.53",16
-3.6,0.5,"27.81",15
-3.6,0.700000000000001,"28.92",15
-3.6,0.9,"29.07",15
-3.6,1.1,"29.62",15
-3.6,1.3,"30.40",15
-3.4,-2.9,"17.26",23
-3.4,-2.7,"17.26",23
-3.4,-2.5,"17.26",23
-3.4,-2.3,"17.86",23
-3.4,-2.1,"18.11",23
-3.4,-1.9,"18.11",23
-3.4,-1.7,"18.11",23
-3.4,-1.5,"19.01",23
-3.4,-1.3,"19.26",23
-3.4,-1.1,"19.60",23
-3.4,-0.9,"19.60",23
-3.4,-0.7,"19.60",23
-3.4,-0.5,"20.10",22
-3.4,-0.3,"20.79",20
-3.4,-0.0999999999999996,"24.13",20
-3.4,0.1,"27.17",18
-3.4,0.3,"28.64",17
-3.4,0.5,"28.92",16
-3.4,0.7,"30.04",16
-3.4,0.9,"30.18",16
-3.4,1.1,"30.75",16
-3.4,1.3,"31.53",16
-3.4,1.5,"74.35",14
-3.2,-2.7,"18.68",26
-3.2,-2.5,"18.68",26
-3.2,-2.3,"19.29",26
-3.2,-2.1,"19.55",26
-3.2,-1.9,"19.55",26
-3.2,-1.7,"19.55",26
-3.2,-1.5,"20.45",26
-3.2,-1.3,"20.71",26
-3.2,-1.1,"21.05",26
-3.2,-0.9,"21.05",26
-3.2,-0.7,"21.05",26
-3.2,-0.5,"21.56",25
-3.2,-0.3,"22.26",23
-3.2,-0.1,"26.99",23
-3.2,0.1,"31.47",21
-3.2,0.3,"34.48",18
-3.2,0.5,"34.78",17
-3.2,0.7,"35.95",17
-3.2,0.9,"36.10",17
-3.2,1.1,"36.69",17
-3.2,1.3,"37.51",17
-3.2,1.5,"82.27",15
-3.2,1.7,"82.27",15
-3,-2.5,"23.18",35
-3,-2.3,"23.92",34
-3,-2.1,"24.18",34
-3,-1.9,"24.18",34
-3,-1.7,"26.42",33
-3,-1.5,"27.38",33
-3,-1.3,"27.85",33
-3,-1.1,"28.87",33
-3,-0.9,"28.87",33
-3,-0.7,"28.87",33
-3,-0.5,"29.46",32
-3,-0.3,"30.29",30
-3,-0.0999999999999996,"34.84",28
-3,0.1,"38.00",23
-3,0.3,"43.97",20
-3,0.5,"45.13",19
-3,0.7,"46.55",19
-3,0.9,"48.01",19
-3,1.1,"48.65",19
-3,1.3,"48.28",18
-3,1.5,"96.55",16
-3,1.7,"96.55",16
-3,1.9,"96.55",16
-2.8,-2.3,"24.78",37
-2.8,-2.1,"25.04",37
-2.8,-1.9,"25.04",37
-2.8,-1.7,"27.29",36
-2.8,-1.5,"28.26",36
-2.8,-1.3,"28.73",36
-2.8,-1.1,"30.39",35
-2.8,-0.9,"30.39",35
-2.8,-0.7,"30.39",35
-2.8,-0.5,"31.61",34
-2.8,-0.3,"31.16",32
-2.8,-0.0999999999999996,"35.74",30
-2.8,0.100000000000001,"39.00",25
-2.8,0.3,"44.33",21
-2.8,0.5,"45.56",20
-2.8,0.7,"46.85",20
-2.8,0.9,"49.01",20
-2.8,1.1,"279.19",19
-2.8,1.3,"278.24",18
-2.8,1.5,"96.23",16
-2.8,1.7,"96.23",16
-2.8,1.9,"96.23",16
-2.8,2.1,"96.85",16
-2.6,-2.1,"27.66",41
-2.6,-1.9,"27.66",41
-2.6,-1.7,"29.95",40
-2.6,-1.5,"30.94",40
-2.6,-1.3,"31.42",40
-2.6,-1.1,"33.11",39
-2.6,-0.899999999999999,"33.11",39
-2.6,-0.7,"33.11",39
-2.6,-0.5,"34.36",38
-2.6,-0.3,"34.00",36
-2.6,-0.0999999999999996,"38.79",34
-2.6,0.100000000000001,"43.10",28
-2.6,0.300000000000001,"48.59",24
-2.6,0.5,"50.69",23
-2.6,0.700000000000001,"53.58",23
-2.6,0.9,"55.84",23
-2.6,1.1,"296.66",22
-2.6,1.3,"295.66",21
-2.6,1.5,"105.22",19
-2.6,1.7,"105.22",19
-2.6,1.9,"105.22",19
-2.6,2.1,"105.87",19
-2.6,2.3,"84.19",19
-2.4,-1.9,"29.14",46
-2.4,-1.7,"31.46",45
-2.4,-1.5,"32.46",45
-2.4,-1.3,"32.95",45
-2.4,-1.1,"34.65",44
-2.4,-0.9,"34.65",44
-2.4,-0.7,"34.65",44
-2.4,-0.5,"35.91",43
-2.4,-0.3,"35.25",40
-2.4,-0.0999999999999999,"39.71",37
-2.4,0.1,"44.89",31
-2.4,0.3,"41.56",26
-2.4,0.5,"43.56",25
-2.4,0.7,"46.00",25
-2.4,0.9,"48.37",25
-2.4,1.1,"276.10",24
-2.4,1.3,"275.33",23
-2.4,1.5,"110.17",20
-2.4,1.7,"110.17",20
-2.4,1.9,"110.17",20
-2.4,2.1,"110.83",20
-2.4,2.3,"90.14",20
-2.4,2.5,"91.18",19
-2.2,-1.7,"33.57",51
-2.2,-1.5,"34.59",51
-2.2,-1.3,"35.08",51
-2.2,-1.1,"36.82",50
-2.2,-0.9,"36.82",50
-2.2,-0.7,"36.96",50
-2.2,-0.5,"38.30",49
-2.2,-0.3,"38.23",45
-2.2,-0.0999999999999996,"43.69",41
-2.2,0.1,"48.66",34
-2.2,0.3,"45.24",29
-2.2,0.5,"46.06",27
-2.2,0.700000000000001,"48.55",27
-2.2,0.9,"50.96",27
-2.2,1.1,"282.66",26
-2.2,1.3,"281.88",25
-2.2,1.5,"113.84",22
-2.2,1.7,"113.84",22
-2.2,1.9,"113.84",22
-2.2,2.1,"114.51",22
-2.2,2.3,"93.46",22
-2.2,2.5,"94.51",21
-2.2,2.7,"91.28",19
-2,-1.5,"35.83",56
-2,-1.3,"36.33",56
-2,-1.1,"38.43",55
-2,-0.9,"38.43",55
-2,-0.7,"38.99",55
-2,-0.5,"40.35",54
-2,-0.3,"40.75",50
-2,-0.0999999999999999,"45.99",45
-2,0.1,"49.69",37
-2,0.3,"46.47",32
-2,0.5,"47.51",30
-2,0.7,"49.98",29
-2,0.9,"51.54",28
-2,1.1,"284.14",27
-2,1.3,"281.71",25
-2,1.5,"113.75",22
-2,1.7,"113.75",22
-2,1.9,"113.75",22
-2,2.1,"114.42",22
-2,2.3,"93.38",22
-2,2.5,"94.43",21
-2,2.7,"91.20",19
-2,2.9,"50.03",19
-1.8,-1.3,"41.43",63
-1.8,-1.1,"43.61",62
-1.8,-0.9,"43.61",62
-1.8,-0.7,"44.18",62
-1.8,-0.5,"37.90",60
-1.8,-0.3,"38.62",56
-1.8,-0.0999999999999996,"43.72",50
-1.8,0.1,"47.96",42
-1.8,0.3,"52.80",37
-1.8,0.5,"53.45",34
-1.8,0.7,"56.17",33
-1.8,0.9,"57.82",32
-1.8,1.1,"2249.55",30
-1.8,1.3,"2234.69",28
-1.8,1.5,"121.70",25
-1.8,1.7,"121.70",25
-1.8,1.9,"121.88",25
-1.8,2.1,"122.58",25
-1.8,2.3,"96.63",23
-1.8,2.5,"97.71",22
-1.8,2.7,"94.57",20
-1.8,2.9,"52.68",20
-1.8,3.1,"52.68",20
-1.6,-1.1,"42.51",71
-1.6,-0.9,"42.63",71
-1.6,-0.7,"43.45",71
-1.6,-0.5,"40.70",69
-1.6,-0.3,"41.85",65
-1.6,-0.0999999999999996,"46.87",58
-1.6,0.100000000000001,"51.96",50
-1.6,0.3,"57.07",45
-1.6,0.5,"58.30",42
-1.6,0.7,"60.88",39
-1.6,0.9,"63.56",38
-1.6,1.1,"2235.72",34
-1.6,1.3,"2226.37",32
-1.6,1.5,"125.50",27
-1.6,1.7,"125.50",27
-1.6,1.9,"125.68",27
-1.6,2.1,"126.39",27
-1.6,2.3,"99.52",24
-1.6,2.5,"100.61",23
-1.6,2.7,"97.43",21
-1.6,2.9,"54.92",21
-1.6,3.1,"54.92",21
-1.6,3.3,"53.60",20
-1.4,-0.9,"42.58",87
-1.4,-0.7,"44.29",87
-1.4,-0.5,"41.97",85
-1.4,-0.3,"43.83",81
-1.4,-0.0999999999999999,"50.11",73
-1.4,0.1,"55.48",63
-1.4,0.3,"61.31",58
-1.4,0.5,"63.14",54
-1.4,0.7,"65.23",48
-1.4,0.9,"67.40",46
-1.4,1.1,"2763.12",41
-1.4,1.3,"2706.03",35
-1.4,1.5,"127.95",29
-1.4,1.7,"73.35",28
-1.4,1.9,"73.49",28
-1.4,2.1,"74.04",28
-1.4,2.3,"53.38",25
-1.4,2.5,"37.92",24
-1.4,2.7,"34.68",21
-1.4,2.9,"5.68",21
-1.4,3.1,"5.68",21
-1.4,3.3,"4.78",20
-1.4,3.5,"3.42",19
-1.2,-0.7,"42.38",112
-1.2,-0.5,"40.07",110
-1.2,-0.3,"43.77",106
-1.2,-0.0999999999999996,"50.71",97
-1.2,0.1,"57.25",86
-1.2,0.3,"65.13",78
-1.2,0.5,"68.68",73
-1.2,0.7,"124.45",62
-1.2,0.9,"127.01",55
-1.2,1.1,"3771.44",50
-1.2,1.3,"4183.31",38
-1.2,1.5,"184.27",31
-1.2,1.7,"116.44",30
-1.2,1.9,"116.61",30
-1.2,2.1,"117.94",30
-1.2,2.3,"92.86",27
-1.2,2.5,"38.66",26
-1.2,2.7,"-132.33",22
-1.2,2.9,"-131.19",21
-1.2,3.1,"-131.19",21
-1.2,3.3,"-130.87",20
-1.2,3.5,"-130.42",19
-1.2,3.7,"-130.04",18
-1,-0.5,"38.08",137
-1,-0.3,"42.80",132
-1,-0.1,"49.37",122
-1,0.1,"57.66",111
-1,0.3,"66.98",100
-1,0.5,"69.10",88
-1,0.7,"128.72",74
-1,0.9,"128.64",60
-1,1.1,"227.50",50
-1,1.3,"262.88",38
-1,1.5,"186.25",31
-1,1.7,"119.60",30
-1,1.9,"119.78",30
-1,2.1,"121.13",30
-1,2.3,"95.78",27
-1,2.5,"40.76",26
-1,2.7,"-132.23",22
-1,2.9,"-131.10",21
-1,3.1,"-131.10",21
-1,3.3,"-130.78",20
-1,3.5,"-130.34",19
-1,3.7,"-129.95",18
-1,3.9,"-129.95",18
-0.8,-0.3,"38.70",210
-0.8,-0.0999999999999998,"49.35",193
-0.8,0.1,"61.64",179
-0.8,0.3,"71.17",160
-0.8,0.5,"82.74",132
-0.8,0.7,"140.54",106
-0.8,0.9,"141.63",76
-0.8,1.1,"408.23",57
-0.8,1.3,"445.81",40
-0.8,1.5,"188.38",33
-0.8,1.7,"15.12",31
-0.8,1.9,"15.21",31
-0.8,2.1,"15.37",30
-0.8,2.3,"2.14",27
-0.8,2.5,"-64.87",26
-0.8,2.7,"-132.23",22
-0.8,2.9,"-131.10",21
-0.8,3.1,"-131.10",21
-0.8,3.3,"-130.78",20
-0.8,3.5,"-130.34",19
-0.8,3.7,"-129.95",18
-0.8,3.9,"-129.95",18
-0.8,4.1,"-129.10",16
-0.6,-0.0999999999999996,"27.92",399
-0.6,0.1,"47.21",369
-0.6,0.3,"72.83",307
-0.6,0.5,"89.09",214
-0.6,0.7,"170.56",142
-0.6,0.9,"169.34",85
-0.6,1.1,"336.85",60
-0.6,1.3,"378.64",43
-0.6,1.5,"189.75",35
-0.6,1.7,"5.21",32
-0.6,1.9,"5.30",32
-0.6,2.1,"5.10",30
-0.6,2.3,"-6.95",27
-0.6,2.5,"-75.05",26
-0.6,2.7,"-92.83",22
-0.6,2.9,"-94.35",21
-0.6,3.1,"-94.35",21
-0.6,3.3,"-94.40",20
-0.6,3.5,"-94.48",19
-0.6,3.7,"-94.56",18
-0.6,3.9,"-94.56",18
-0.6,4.1,"-94.70",16
-0.6,4.3,"-94.61",14
-0.399999999999999,0.100000000000001,"-35.05",1152
-0.399999999999999,0.300000000000001,"24.26",825
-0.399999999999999,0.500000000000001,"86.14",356
-0.399999999999999,0.700000000000001,"197.91",186
-0.399999999999999,0.900000000000001,"238.45",99
-0.399999999999999,1.1,"748.09",62
-0.399999999999999,1.3,"602.16",45
-0.399999999999999,1.5,"59.87",36
-0.399999999999999,1.7,"-40.39",33
-0.399999999999999,1.9,"-40.34",33
-0.399999999999999,2.1,"-40.45",31
-0.399999999999999,2.3,"-44.89",28
-0.399999999999999,2.5,"-72.47",27
-0.399999999999999,2.7,"-29.79",23
-0.399999999999999,2.9,"-44.76",22
-0.399999999999999,3.1,"-44.76",22
-0.399999999999999,3.3,"-45.23",21
-0.399999999999999,3.5,"-45.94",20
-0.399999999999999,3.7,"-46.74",19
-0.399999999999999,3.9,"-46.74",19
-0.399999999999999,4.1,"-48.10",17
-0.399999999999999,4.3,"-47.21",15
-0.399999999999999,4.5,"-47.59",14
-0.199999999999999,0.300000000000001,"-55.02",1596
-0.199999999999999,0.500000000000001,"132.81",439
-0.199999999999999,0.700000000000001,"205.01",207
-0.199999999999999,0.900000000000001,"285.45",107
-0.199999999999999,1.1,"657.38",66
-0.199999999999999,1.3,"424.22",49
-0.199999999999999,1.5,"63.12",39
-0.199999999999999,1.7,"-5.90",35
-0.199999999999999,1.9,"-5.82",35
-0.199999999999999,2.1,"-5.27",33
-0.199999999999999,2.3,"-12.21",30
-0.199999999999999,2.5,"-9.80",29
-0.199999999999999,2.7,"-28.89",25
-0.199999999999999,2.9,"-44.05",24
-0.199999999999999,3.1,"-42.67",23
-0.199999999999999,3.3,"-43.16",22
-0.199999999999999,3.5,"-45.67",21
-0.199999999999999,3.7,"-46.27",20
-0.199999999999999,3.9,"-46.27",20
-0.199999999999999,4.1,"-47.81",17
-0.199999999999999,4.3,"-48.17",15
-0.199999999999999,4.5,"-48.55",14
-0.199999999999999,4.7,"-47.83",14
0,0.5,"126.69",470
0,0.7,"215.69",215
0,0.9,"295.57",111
0,1.1,"440.34",69
0,1.3,"255.19",52
0,1.5,"37.30",42
0,1.7,"-14.47",38
0,1.9,"-14.40",38
0,2.1,"-14.29",35
0,2.3,"-17.15",31
0,2.5,"-9.29",30
0,2.7,"-200.80",26
0,2.9,"-199.53",25
0,3.1,"-198.16",24
0,3.3,"-197.17",23
0,3.5,"-196.59",22
0,3.7,"-195.38",21
0,3.9,"-195.38",21
0,4.1,"-192.64",18
0,4.3,"-191.30",16
0,4.5,"-190.59",15
0,4.7,"-190.98",15
0,4.9,"-188.95",13
0.2,0.7,"189.57",224
0.2,0.9,"376.83",118
0.2,1.1,"486.26",74
0.2,1.3,"297.72",57
0.2,1.5,"53.35",46
0.2,1.7,"-3.46",40
0.2,1.9,"-3.40",39
0.2,2.1,"-3.17",36
0.2,2.3,"-7.88",32
0.2,2.5,"2.93",30
0.2,2.7,"-197.41",26
0.2,2.9,"-196.18",25
0.2,3.1,"-195.72",24
0.2,3.3,"-194.75",23
0.2,3.5,"-194.21",22
0.2,3.7,"-193.65",21
0.2,3.9,"-193.65",21
0.2,4.1,"-191.74",18
0.2,4.3,"-190.48",16
0.2,4.5,"-189.81",15
0.2,4.7,"-190.20",15
0.2,4.9,"-188.24",13
0.2,5.1,"-188.24",13
0.4,0.9,"380.05",121
0.4,1.1,"114.06",76
0.4,1.3,"67.47",59
0.4,1.5,"56.98",48
0.4,1.7,"49.06",42
0.4,1.9,"49.22",41
0.4,2.1,"48.44",37
0.4,2.3,"41.27",33
0.4,2.5,"92.32",31
0.4,2.7,"-196.76",27
0.4,2.9,"-195.54",26
0.4,3.1,"-195.08",25
0.4,3.3,"-194.12",24
0.4,3.5,"-193.57",23
0.4,3.7,"-193.06",22
0.4,3.9,"-193.06",22
0.4,4.1,"-191.18",19
0.4,4.3,"-189.93",17
0.4,4.5,"-189.26",16
0.4,4.7,"-188.63",15
0.4,4.9,"-187.24",13
0.4,5.1,"-187.24",13
0.4,5.3,"-185.89",12
0.600000000000001,1.1,"142.27",76
0.600000000000001,1.3,"89.12",59
0.600000000000001,1.5,"61.39",48
0.600000000000001,1.7,"70.83",42
0.600000000000001,1.9,"71.07",41
0.600000000000001,2.1,"59.70",37
0.600000000000001,2.3,"51.99",33
0.600000000000001,2.5,"112.08",31
0.600000000000001,2.7,"-196.10",27
0.600000000000001,2.9,"-194.89",26
0.600000000000001,3.1,"-194.43",25
0.600000000000001,3.3,"-194.02",24
0.600000000000001,3.5,"-193.48",23
0.600000000000001,3.7,"-192.96",22
0.600000000000001,3.9,"-192.96",22
0.600000000000001,4.1,"-191.08",19
0.600000000000001,4.3,"-189.90",17
0.600000000000001,4.5,"-189.24",16
0.600000000000001,4.7,"-188.63",15
0.600000000000001,4.9,"-187.24",13
0.600000000000001,5.1,"-187.24",13
0.600000000000001,5.3,"-185.89",12
0.600000000000001,5.5,"-185.89",12
0.800000000000001,1.3,"76.12",60
0.800000000000001,1.5,"141.71",48
0.800000000000001,1.7,"152.96",42
0.800000000000001,1.9,"153.43",41
0.800000000000001,2.1,"145.18",37
0.800000000000001,2.3,"125.94",33
0.800000000000001,2.5,"112.08",31
0.800000000000001,2.7,"-196.10",27
0.800000000000001,2.9,"-194.89",26
0.800000000000001,3.1,"-194.43",25
0.800000000000001,3.3,"-194.02",24
0.800000000000001,3.5,"-193.48",23
0.800000000000001,3.7,"-192.96",22
0.800000000000001,3.9,"-192.96",22
0.800000000000001,4.1,"-191.08",19
0.800000000000001,4.3,"-189.90",17
0.800000000000001,4.5,"-189.24",16
0.800000000000001,4.7,"-188.63",15
0.800000000000001,4.9,"-187.24",13
0.800000000000001,5.1,"-187.24",13
0.800000000000001,5.3,"-185.89",12
0.800000000000001,5.5,"-185.89",12
0.800000000000001,5.7,"-185.05",11
1,1.5,"144.22",48
1,1.7,"143.49",42
1,1.9,"143.95",41
1,2.1,"145.18",37
1,2.3,"125.94",33
1,2.5,"112.08",31
1,2.7,"-196.10",27
1,2.9,"-194.89",26
1,3.1,"-194.43",25
1,3.3,"-194.02",24
1,3.5,"-193.48",23
1,3.7,"-192.96",22
1,3.9,"-192.96",22
1,4.1,"-191.08",19
1,4.3,"-189.90",17
1,4.5,"-189.24",16
1,4.7,"-188.63",15
1,4.9,"-187.24",13
1,5.1,"-187.24",13
1,5.3,"-185.89",12
1,5.5,"-185.89",12
1,5.7,"-185.05",11
1,5.9,"-185.05",11
1.2,1.7,"143.49",42
1.2,1.9,"143.95",41
1.2,2.1,"145.18",37
1.2,2.3,"125.94",33
1.2,2.5,"112.08",31
1.2,2.7,"-196.10",27
1.2,2.9,"-194.89",26
1.2,3.1,"-194.43",25
1.2,3.3,"-194.02",24
1.2,3.5,"-193.48",23
1.2,3.7,"-192.96",22
1.2,3.9,"-192.96",22
1.2,4.1,"-191.08",19
1.2,4.3,"-189.90",17
1.2,4.5,"-189.24",16
1.2,4.7,"-188.63",15
1.2,4.9,"-187.24",13
1.2,5.1,"-187.24",13
1.2,5.3,"-185.89",12
1.2,5.5,"-185.89",12
1.2,5.7,"-185.05",11
1.2,5.9,"-185.05",11
1.2,6.1,"-185.05",11
1.4,1.9,"144.31",41
1.4,2.1,"145.54",37
1.4,2.3,"126.25",33
1.4,2.5,"112.08",31
1.4,2.7,"-196.10",27
1.4,2.9,"-194.89",26
1.4,3.1,"-194.43",25
1.4,3.3,"-194.02",24
1.4,3.5,"-193.48",23
1.4,3.7,"-192.96",22
1.4,3.9,"-192.96",22
1.4,4.1,"-191.08",19
1.4,4.3,"-189.90",17
1.4,4.5,"-189.24",16
1.4,4.7,"-188.63",15
1.4,4.9,"-187.24",13
1.4,5.1,"-187.24",13
1.4,5.3,"-185.89",12
1.4,5.5,"-185.89",12
1.4,5.7,"-185.05",11
1.4,5.9,"-185.05",11
1.4,6.1,"-185.05",11
1.4,6.3,"-183.56",10
1.6,2.1,"145.54",37
1.6,2.3,"126.25",33
1.6,2.5,"112.08",31
1.6,2.7,"-196.10",27
1.6,2.9,"-194.89",26
1.6,3.1,"-194.43",25
1.6,3.3,"-194.02",24
1.6,3.5,"-193.48",23
1.6,3.7,"-192.96",22
1.6,3.9,"-192.96",22
1.6,4.1,"-191.08",19
1.6,4.3,"-189.90",17
1.6,4.5,"-189.24",16
1.6,4.7,"-188.63",15
1.6,4.9,"-187.24",13
1.6,5.1,"-187.24",13
1.6,5.3,"-185.89",12
1.6,5.5,"-185.89",12
1.6,5.7,"-185.05",11
1.6,5.9,"-185.05",11
1.6,6.1,"-185.05",11
1.6,6.3,"-183.56",10
1.6,6.5,"-183.56",10
1.8,2.3,"126.25",33
1.8,2.5,"112.08",31
1.8,2.7,"-196.10",27
1.8,2.9,"-194.89",26
1.8,3.1,"-194.43",25
1.8,3.3,"-194.02",24
1.8,3.5,"-193.48",23
1.8,3.7,"-192.96",22
1.8,3.9,"-192.96",22
1.8,4.1,"-191.08",19
1.8,4.3,"-189.90",17
1.8,4.5,"-189.24",16
1.8,4.7,"-188.63",15
1.8,4.9,"-187.24",13
1.8,5.1,"-187.24",13
1.8,5.3,"-185.89",12
1.8,5.5,"-185.89",12
1.8,5.7,"-185.05",11
1.8,5.9,"-185.05",11
1.8,6.1,"-185.05",11
1.8,6.3,"-183.56",10
1.8,6.5,"-183.56",10
1.8,6.7,"-182.55",9
2,2.5,"112.08",31
2,2.7,"-196.10",27
2,2.9,"-194.89",26
2,3.1,"-194.43",25
2,3.3,"-194.02",24
2,3.5,"-193.48",23
2,3.7,"-192.96",22
2,3.9,"-192.96",22
2,4.1,"-191.08",19
2,4.3,"-189.90",17
2,4.5,"-189.24",16
2,4.7,"-188.63",15
2,4.9,"-187.24",13
2,5.1,"-187.24",13
2,5.3,"-185.89",12
2,5.5,"-185.89",12
2,5.7,"-185.05",11
2,5.9,"-185.05",11
2,6.1,"-185.05",11
2,6.3,"-183.56",10
2,6.5,"-183.56",10
2,6.7,"-182.55",9
2,6.9,"-180.81",8
2.2,2.7,"-196.10",27
2.2,2.9,"-194.89",26
2.2,3.1,"-194.43",25
2.2,3.3,"-194.02",24
2.2,3.5,"-193.48",23
2.2,3.7,"-192.96",22
2.2,3.9,"-192.96",22
2.2,4.1,"-191.08",19
2.2,4.3,"-189.90",17
2.2,4.5,"-189.24",16
2.2,4.7,"-188.63",15
2.2,4.9,"-187.24",13
2.2,5.1,"-187.24",13
2.2,5.3,"-185.89",12
2.2,5.5,"-185.89",12
2.2,5.7,"-185.05",11
2.2,5.9,"-185.05",11
2.2,6.1,"-185.05",11
2.2,6.3,"-183.56",10
2.2,6.5,"-183.56",10
2.2,6.7,"-182.55",9
2.2,6.9,"-180.81",8
2.2,7.1,"-178.37",7
2.4,2.9,"-194.89",26
2.4,3.1,"-194.43",25
2.4,3.3,"-194.02",24
2.4,3.5,"-193.48",23
2.4,3.7,"-192.96",22
2.4,3.9,"-192.96",22
2.4,4.1,"-191.08",19
2.4,4.3,"-189.90",17
2.4,4.5,"-189.24",16
2.4,4.7,"-188.63",15
2.4,4.9,"-187.24",13
2.4,5.1,"-187.24",13
2.4,5.3,"-185.89",12
2.4,5.5,"-185.89",12
2.4,5.7,"-185.05",11
2.4,5.9,"-185.05",11
2.4,6.1,"-185.05",11
2.4,6.3,"-183.56",10
2.4,6.5,"-183.56",10
2.4,6.7,"-182.55",9
2.4,6.9,"-180.81",8
2.4,7.1,"-178.37",7
2.4,7.3,"-178.19",7
2.6,3.1,"-194.43",25
2.6,3.3,"-194.02",24
2.6,3.5,"-193.48",23
2.6,3.7,"-192.96",22
2.6,3.9,"-192.96",22
2.6,4.1,"-191.08",19
2.6,4.3,"-189.90",17
2.6,4.5,"-189.24",16
2.6,4.7,"-188.63",15
2.6,4.9,"-187.24",13
2.6,5.1,"-187.24",13
2.6,5.3,"-185.89",12
2.6,5.5,"-185.89",12
2.6,5.7,"-185.05",11
2.6,5.9,"-185.05",11
2.6,6.1,"-185.05",11
2.6,6.3,"-183.56",10
2.6,6.5,"-183.56",10
2.6,6.7,"-182.55",9
2.6,6.9,"-180.81",8
2.6,7.1,"-178.37",7
2.6,7.3,"-178.19",7
2.6,7.5,"-176.61",6
2.8,3.3,"-194.02",24
2.8,3.5,"-193.48",23
2.8,3.7,"-192.96",22
2.8,3.9,"-192.96",22
2.8,4.1,"-191.08",19
2.8,4.3,"-189.90",17
2.8,4.5,"-189.24",16
2.8,4.7,"-188.63",15
2.8,4.9,"-187.24",13
2.8,5.1,"-187.24",13
2.8,5.3,"-185.89",12
2.8,5.5,"-185.89",12
2.8,5.7,"-185.05",11
2.8,5.9,"-185.05",11
2.8,6.1,"-185.05",11
2.8,6.3,"-183.56",10
2.8,6.5,"-183.56",10
2.8,6.7,"-182.55",9
2.8,6.9,"-180.81",8
2.8,7.1,"-178.37",7
2.8,7.3,"-178.19",7
2.8,7.5,"-176.61",6
2.8,7.7,"-174.70",5
3,3.5,"-193.48",23
3,3.7,"-192.96",22
3,3.9,"-192.96",22
3,4.1,"-191.08",19
3,4.3,"-189.90",17
3,4.5,"-189.24",16
3,4.7,"-188.63",15
3,4.9,"-187.24",13
3,5.1,"-187.24",13
3,5.3,"-185.89",12
3,5.5,"-185.89",12
3,5.7,"-185.05",11
3,5.9,"-185.05",11
3,6.1,"-185.05",11
3,6.3,"-183.56",10
3,6.5,"-183.56",10
3,6.7,"-182.55",9
3,6.9,"-180.81",8
3,7.1,"-178.37",7
3,7.3,"-178.19",7
3,7.5,"-176.61",6
3,7.7,"-174.70",5
3,7.9,"-174.70",5
3.2,3.7,"-192.96",22
3.2,3.9,"-192.96",22
3.2,4.1,"-191.08",19
3.2,4.3,"-189.90",17
3.2,4.5,"-189.24",16
3.2,4.7,"-188.63",15
3.2,4.9,"-187.24",13
3.2,5.1,"-187.24",13
3.2,5.3,"-185.89",12
3.2,5.5,"-185.89",12
3.2,5.7,"-185.05",11
3.2,5.9,"-185.05",11
3.2,6.1,"-185.05",11
3.2,6.3,"-183.56",10
3.2,6.5,"-183.56",10
3.2,6.7,"-182.55",9
3.2,6.9,"-180.81",8
3.2,7.1,"-178.37",7
3.2,7.3,"-178.19",7
3.2,7.5,"-176.61",6
3.2,7.7,"-174.70",5
3.2,7.9,"-174.70",5
3.2,8.1,"-174.70",5
3.4,3.9,"-192.96",22
3.4,4.1,"-191.08",19
3.4,4.3,"-189.90",17
3.4,4.5,"-189.24",16
3.4,4.7,"-188.63",15
3.4,4.9,"-187.24",13
3.4,5.1,"-187.24",13
3.4,5.3,"-185.89",12
3.4,5.5,"-185.89",12
3.4,5.7,"-185.05",11
3.4,5.9,"-185.05",11
3.4,6.1,"-185.05",11
3.4,6.3,"-183.56",10
3.4,6.5,"-183.56",10
3.4,6.7,"-182.55",9
3.4,6.9,"-180.81",8
3.4,7.1,"-178.37",7
3.4,7.3,"-178.19",7
3.4,7.5,"-176.61",6
3.4,7.7,"-174.70",5
3.4,7.9,"-174.70",5
3.4,8.1,"-174.70",5
3.4,8.3,"-174.70",5
3.6,4.1,"-191.08",19
3.6,4.3,"-189.90",17
3.6,4.5,"-189.24",16
3.6,4.7,"-188.63",15
3.6,4.9,"-187.24",13
3.6,5.1,"-187.24",13
3.6,5.3,"-185.89",12
3.6,5.5,"-185.89",12
3.6,5.7,"-185.05",11
3.6,5.9,"-185.05",11
3.6,6.1,"-185.05",11
3.6,6.3,"-183.56",10
3.6,6.5,"-183.56",10
3.6,6.7,"-182.55",9
3.6,6.9,"-180.81",8
3.6,7.1,"-178.37",7
3.6,7.3,"-178.19",7
3.6,7.5,"-176.61",6
3.6,7.7,"-174.70",5
3.6,7.9,"-174.70",5
3.6,8.1,"-174.70",5
3.6,8.3,"-174.70",5
3.6,8.5,"-173.67",4
3.8,4.3,"-189.90",17
3.8,4.5,"-189.24",16
3.8,4.7,"-188.63",15
3.8,4.9,"-187.24",13
3.8,5.1,"-187.24",13
3.8,5.3,"-185.89",12
3.8,5.5,"-185.89",12
3.8,5.7,"-185.05",11
3.8,5.9,"-185.05",11
3.8,6.1,"-185.05",11
3.8,6.3,"-183.56",10
3.8,6.5,"-183.56",10
3.8,6.7,"-182.55",9
3.8,6.9,"-180.81",8
3.8,7.1,"-178.37",7
3.8,7.3,"-178.19",7
3.8,7.5,"-176.61",6
3.8,7.7,"-174.70",5
3.8,7.9,"-174.70",5
3.8,8.1,"-174.70",5
3.8,8.3,"-174.70",5
3.8,8.5,"-173.67",4
3.8,8.7,"-172.59",3
4,4.5,"-189.24",16
4,4.7,"-188.63",15
4,4.9,"-187.24",13
4,5.1,"-187.24",13
4,5.3,"-185.89",12
4,5.5,"-185.89",12
4,5.7,"-185.05",11
4,5.9,"-185.05",11
4,6.1,"-185.05",11
4,6.3,"-183.56",10
4,6.5,"-183.56",10
4,6.7,"-182.55",9
4,6.9,"-180.81",8
4,7.1,"-178.37",7
4,7.3,"-178.19",7
4,7.5,"-176.61",6
4,7.7,"-174.70",5
4,7.9,"-174.70",5
4,8.1,"-174.70",5
4,8.3,"-174.70",5
4,8.5,"-173.67",4
4,8.7,"-172.59",3
4,8.9,"-172.59",3
4.2,4.7,"-188.63",15
4.2,4.9,"-187.24",13
4.2,5.1,"-187.24",13
4.2,5.3,"-185.89",12
4.2,5.5,"-185.89",12
4.2,5.7,"-185.05",11
4.2,5.9,"-185.05",11
4.2,6.1,"-185.05",11
4.2,6.3,"-183.56",10
4.2,6.5,"-183.56",10
4.2,6.7,"-182.55",9
4.2,6.9,"-180.81",8
4.2,7.1,"-178.37",7
4.2,7.3,"-178.19",7
4.2,7.5,"-176.61",6
4.2,7.7,"-174.70",5
4.2,7.9,"-174.70",5
4.2,8.1,"-174.70",5
4.2,8.3,"-174.70",5
4.2,8.5,"-173.67",4
4.2,8.7,"-172.59",3
4.2,8.9,"-172.59",3
4.2,9.1,"-169.62",2
4.4,4.9,"-187.24",13
4.4,5.1,"-187.24",13
4.4,5.3,"-185.89",12
4.4,5.5,"-185.89",12
4.4,5.7,"-185.05",11
4.4,5.9,"-185.05",11
4.4,6.1,"-185.05",11
4.4,6.3,"-183.56",10
4.4,6.5,"-183.56",10
4.4,6.7,"-182.55",9
4.4,6.9,"-180.81",8
4.4,7.1,"-178.37",7
4.4,7.3,"-178.19",7
4.4,7.5,"-176.61",6
4.4,7.7,"-174.70",5
4.4,7.9,"-174.70",5
4.4,8.1,"-174.70",5
4.4,8.3,"-174.70",5
4.4,8.5,"-173.67",4
4.4,8.7,"-172.59",3
4.4,8.9,"-172.59",3
4.4,9.1,"-169.62",2
4.4,9.3,"-169.62",2
4.6,5.1,"-187.24",13
4.6,5.3,"-185.89",12
4.6,5.5,"-185.89",12
4.6,5.7,"-185.05",11
4.6,5.9,"-185.05",11
4.6,6.1,"-185.05",11
4.6,6.3,"-183.56",10
4.6,6.5,"-183.56",10
4.6,6.7,"-182.55",9
4.6,6.9,"-180.81",8
4.6,7.1,"-178.37",7
4.6,7.3,"-178.19",7
4.6,7.5,"-176.61",6
4.6,7.7,"-174.70",5
4.6,7.9,"-174.70",5
4.6,8.1,"-174.70",5
4.6,8.3,"-174.70",5
4.6,8.5,"-173.67",4
4.6,8.7,"-172.59",3
4.6,8.9,"-172.59",3
4.6,9.1,"-169.62",2
4.6,9.3,"-169.62",2
4.6,9.5,"-169.62",2
4.8,5.3,"-185.89",12
4.8,5.5,"-185.89",12
4.8,5.7,"-185.05",11
4.8,5.9,"-185.05",11
4.8,6.1,"-185.05",11
4.8,6.3,"-183.56",10
4.8,6.5,"-183.56",10
4.8,6.7,"-182.55",9
4.8,6.9,"-180.81",8
4.8,7.1,"-178.37",7
4.8,7.3,"-178.19",7
4.8,7.5,"-176.61",6
4.8,7.7,"-174.70",5
4.8,7.9,"-174.70",5
4.8,8.1,"-174.70",5
4.8,8.3,"-174.70",5
4.8,8.5,"-173.67",4
4.8,8.7,"-172.59",3
4.8,8.9,"-172.59",3
4.8,9.1,"-169.62",2
4.8,9.3,"-169.62",2
4.8,9.5,"-169.62",2
4.8,9.7,"-169.62",2
5,5.5,"-185.89",12
5,5.7,"-185.05",11
5,5.9,"-185.05",11
5,6.1,"-185.05",11
5,6.3,"-183.56",10
5,6.5,"-183.56",10
5,6.7,"-182.55",9
5,6.9,"-180.81",8
5,7.1,"-178.37",7
5,7.3,"-178.19",7
5,7.5,"-176.61",6
5,7.7,"-174.70",5
5,7.9,"-174.70",5
5,8.1,"-174.70",5
5,8.3,"-174.70",5
5,8.5,"-173.67",4
5,8.7,"-172.59",3
5,8.9,"-172.59",3
5,9.1,"-169.62",2
5,9.3,"-169.62",2
5,9.5,"-169.62",2
5,9.7,"-169.62",2
5,9.9,"-1.57",1
